-- phpMyAdmin SQL Dump
-- version 5.2.0
-- https://www.phpmyadmin.net/
--
-- Host: 127.0.0.1
-- Generation Time: Oct 23, 2022 at 11:30 AM
-- Server version: 10.4.24-MariaDB
-- PHP Version: 8.1.6

SET SQL_MODE = "NO_AUTO_VALUE_ON_ZERO";
START TRANSACTION;
SET time_zone = "+00:00";


/*!40101 SET @OLD_CHARACTER_SET_CLIENT=@@CHARACTER_SET_CLIENT */;
/*!40101 SET @OLD_CHARACTER_SET_RESULTS=@@CHARACTER_SET_RESULTS */;
/*!40101 SET @OLD_COLLATION_CONNECTION=@@COLLATION_CONNECTION */;
/*!40101 SET NAMES utf8mb4 */;

--
-- Database: `fit2104_ass3`
--

-- --------------------------------------------------------

--
-- Table structure for table `attributes`
--

CREATE TABLE `attributes` (
  `id` int(6) NOT NULL,
  `name` varchar(20) NOT NULL
) ENGINE=InnoDB DEFAULT CHARSET=utf8;

--
-- Dumping data for table `attributes`
--

INSERT INTO `attributes` (`id`, `name`) VALUES
(6, 'DARK'),
(7, 'DIVINE'),
(2, 'EARTH'),
(4, 'FIRE'),
(3, 'LIGHT'),
(1, 'WATER'),
(5, 'WIND');

-- --------------------------------------------------------

--
-- Table structure for table `cards`
--

CREATE TABLE `cards` (
  `id` int(6) NOT NULL,
  `name` varchar(128) NOT NULL,
  `type_id` int(6) NOT NULL,
  `level` int(6) NOT NULL,
  `race_id` int(6) NOT NULL,
  `attribute_id` int(6) NOT NULL,
  `atk` int(6) NOT NULL,
  `def` int(6) NOT NULL
) ENGINE=InnoDB DEFAULT CHARSET=utf8;

--
-- Dumping data for table `cards`
--

INSERT INTO `cards` (`id`, `name`, `type_id`, `level`, `race_id`, `attribute_id`, `atk`, `def`) VALUES
(1, 'Aquaactress Tetra', 1, 1, 1, 1, 300, 300),
(2, 'Blizzed, Defender of the Ice Barrier', 1, 1, 1, 1, 300, 500),
(3, 'Ooguchi', 1, 1, 1, 1, 300, 250),
(4, 'Puny Penguin', 1, 1, 1, 1, 400, 200),
(5, 'Substitoad', 1, 1, 1, 1, 100, 2000),
(6, 'T.A.D.P.O.L.E.', 1, 1, 1, 1, 0, 0),
(7, 'Testudo erat Numen', 1, 1, 1, 1, 0, 1800),
(8, 'Tradetoad', 1, 1, 1, 1, 100, 2000),
(9, 'Treeborn Frog', 1, 1, 1, 1, 100, 100),
(10, 'Explossum', 1, 1, 2, 2, 100, 100),
(11, 'Milus Radiant', 1, 1, 2, 2, 300, 250),
(12, 'Neko Mane King', 1, 1, 2, 2, 0, 0),
(13, 'Outstanding Dog Marron', 1, 1, 2, 3, 100, 100),
(14, 'Performapal Rain Goat', 1, 1, 2, 1, 0, 0),
(15, 'Rodenut', 1, 1, 2, 2, 100, 100),
(16, 'Uniflora, Mystical Beast of the Forest', 1, 1, 2, 2, 700, 500),
(17, 'Horus\' Servant', 1, 1, 3, 4, 100, 100),
(18, 'X-Saber Axel', 1, 1, 3, 2, 400, 100),
(19, 'XX-Saber Ragigura', 1, 1, 3, 2, 200, 1000),
(20, 'Yosenju Kodam', 1, 1, 3, 5, 0, 0),
(21, 'Galaxy-Eyes Cloudragon', 1, 1, 4, 3, 300, 250),
(22, 'Stardust Xiaolong', 1, 1, 4, 3, 100, 100),
(23, 'The Black Stone of Legend', 1, 1, 4, 6, 0, 0),
(24, 'Arcana Force 0 - The Fool', 1, 1, 5, 3, 0, 0),
(25, 'Clear Kuriboh', 1, 1, 5, 3, 300, 200),
(26, 'Cloudian - Sheep Cloud', 1, 1, 5, 1, 0, 0),
(27, 'Consecrated Light', 1, 1, 5, 3, 0, 0),
(28, 'Constellar Siat', 1, 1, 5, 3, 100, 1600),
(29, 'Fluffal Cat', 1, 1, 5, 2, 700, 300),
(30, 'Fluffal Mouse', 1, 1, 5, 2, 100, 100),
(31, 'Fluffal Rabbit', 1, 1, 5, 2, 300, 1200),
(32, 'Fluffal Wings', 1, 1, 5, 3, 100, 100),
(33, 'Freya, Spirit of Victory', 1, 1, 5, 3, 100, 100),
(34, 'Guiding Light', 1, 1, 5, 3, 0, 0),
(35, 'Kuribon', 1, 1, 5, 3, 300, 200),
(36, 'Spirit of the Pot of Greed', 1, 1, 5, 3, 100, 100),
(37, 'Super Quantal Fairy Alphan', 1, 1, 5, 3, 0, 0),
(38, 'Time Maiden', 1, 1, 5, 3, 0, 0),
(39, 'Winged Kuriboh', 1, 1, 5, 3, 300, 200),
(40, 'Absolute King Back Jack', 1, 1, 6, 6, 0, 0),
(41, 'Battle Fader', 1, 1, 6, 6, 0, 0),
(42, 'Black Potan', 1, 1, 6, 6, 200, 100),
(43, 'Blue Duston', 1, 1, 6, 1, 0, 1000),
(44, 'Ceruli, Guru of Dark World', 1, 1, 6, 6, 100, 300),
(45, 'Chaos Necromancer', 1, 1, 6, 6, 0, 0),
(46, 'Darklon', 1, 1, 6, 6, 100, 100),
(47, 'Djinn Disserere of Rituals', 1, 1, 6, 6, 200, 200),
(48, 'DZW - Chimera Clad', 1, 1, 6, 6, 0, 0),
(49, 'Fabled Topi', 1, 1, 6, 3, 500, 200),
(50, 'Ghostrick Jackfrost', 1, 1, 6, 6, 800, 100),
(51, 'Ghostrick Lantern', 1, 1, 6, 6, 800, 0),
(52, 'Ghostrick Specter', 1, 1, 6, 6, 600, 0),
(53, 'Goblin King', 1, 1, 6, 6, 0, 0),
(54, 'Grave Squirmer', 1, 1, 6, 6, 0, 0),
(55, 'Green Duston', 1, 1, 6, 5, 0, 1000),
(56, 'House Duston', 1, 1, 6, 3, 0, 1000),
(57, 'Infernoid Pirmais', 1, 1, 6, 4, 0, 0),
(58, 'Kuriboh', 1, 1, 6, 6, 300, 200),
(59, 'Kuriphoton', 1, 1, 6, 3, 300, 200),
(60, 'Lucius the Shadow Vassal', 1, 1, 6, 6, 800, 1000),
(61, 'Mad Reloader', 1, 1, 6, 6, 0, 0),
(62, 'Rainbow Kuriboh', 1, 1, 6, 3, 100, 100),
(63, 'Red Duston', 1, 1, 6, 4, 0, 1000),
(64, 'Red Mirror', 1, 1, 6, 4, 0, 0),
(65, 'Relinkuriboh', 1, 1, 6, 6, 300, 200),
(66, 'Ritual Raven', 1, 1, 6, 6, 300, 300),
(67, 'Sphere Kuriboh', 1, 1, 6, 6, 300, 200),
(68, 'Steelswarm Cell', 1, 1, 6, 6, 0, 0),
(69, 'Umbral Horror Will o\' the Wisp', 1, 1, 6, 6, 0, 0),
(70, 'Vijam the Cubic Seed', 1, 1, 6, 6, 0, 0),
(71, 'Yellow Duston', 1, 1, 6, 2, 0, 1000),
(72, 'Beautunaful Princess', 1, 1, 7, 1, 0, 0),
(73, 'Deepsea Macrotrema', 1, 1, 7, 1, 600, 100),
(74, 'Bee List Soldier', 1, 1, 8, 5, 500, 400),
(75, 'Dark Bug', 1, 1, 8, 6, 100, 100),
(76, 'Inzektor Firefly', 1, 1, 8, 6, 100, 100),
(77, 'Leghul', 1, 1, 8, 2, 300, 350),
(78, 'Level Eater', 1, 1, 8, 6, 600, 0),
(79, 'Mirror Ladybug', 1, 1, 8, 3, 100, 100),
(80, 'Naturia Ladybug', 1, 1, 8, 2, 100, 100),
(81, 'Naturia Mosquito', 1, 1, 8, 2, 200, 300),
(82, 'Reed Butterfly', 1, 1, 8, 5, 300, 600),
(83, 'Ultimate Insect LV1', 1, 1, 8, 5, 0, 0),
(84, 'Cosmic Compass', 1, 1, 9, 2, 100, 300),
(85, 'Cyber Larva', 1, 1, 9, 3, 400, 600),
(86, 'Cyber Valley', 1, 1, 9, 3, 0, 0),
(87, 'Darksea Float', 1, 1, 9, 6, 0, 300),
(88, 'Darksea Rescue', 1, 1, 9, 6, 0, 0),
(89, 'Gadget Driver', 1, 1, 9, 2, 200, 200),
(90, 'Gimmick Puppet Gear Changer', 1, 1, 9, 2, 100, 100),
(91, 'Gradius\' Option', 1, 1, 9, 3, 0, 0),
(92, 'Junkuriboh', 1, 1, 9, 2, 300, 200),
(93, 'Meklord Emperor Granel', 1, 1, 9, 2, 0, 0),
(94, 'Meklord Emperor Skiel', 1, 1, 9, 5, 2200, 2200),
(95, 'Meklord Emperor Wisel', 1, 1, 9, 6, 2500, 2500),
(96, 'Morphtronic Vacuumen', 1, 1, 9, 5, 0, 0),
(97, 'Needle Soldier', 1, 1, 9, 2, 100, 100),
(98, 'Photon Satellite', 1, 1, 9, 3, 0, 0),
(99, 'Scanner', 1, 1, 9, 3, 0, 0),
(100, 'SPYRAL GEAR - Drone', 1, 1, 9, 5, 100, 100),
(101, 'Steel Scorpion', 1, 1, 9, 2, 250, 300),
(102, 'Superheavy Samurai Blowtorch', 1, 1, 9, 2, 500, 300),
(103, 'Superheavy Samurai Soulbeads', 1, 1, 9, 2, 0, 0),
(104, 'Superheavy Samurai Soulbuster Gauntlet', 1, 1, 9, 2, 0, 400),
(105, 'Superheavy Samurai Soulhorns', 1, 1, 9, 2, 0, 300),
(106, 'Swift Scarecrow', 1, 1, 9, 2, 0, 0),
(107, 'Turbo Booster', 1, 1, 9, 2, 0, 0),
(108, 'Wind-Up Bat', 1, 1, 9, 5, 300, 350),
(109, 'Acorno', 1, 1, 10, 2, 200, 400),
(110, 'Amarylease', 1, 1, 10, 2, 100, 200),
(111, 'Cursed Fig', 1, 1, 10, 1, 200, 200),
(112, 'Griggle', 1, 1, 10, 2, 350, 300),
(113, 'Pinecono', 1, 1, 10, 2, 400, 200),
(114, 'Predaplant Sarraceniant', 1, 1, 10, 6, 100, 600),
(115, 'Samsara Lotus', 1, 1, 10, 6, 0, 0),
(116, 'Sylvan Cherubsprout', 1, 1, 10, 3, 100, 100),
(117, 'Sylvan Peaskeeper', 1, 1, 10, 5, 400, 100),
(118, 'Sylvan Princessprout', 1, 1, 10, 3, 100, 100),
(119, 'Sylvan Snapdrassinagon', 1, 1, 10, 6, 900, 400),
(120, 'Doctor Cranium', 1, 1, 11, 2, 100, 100),
(121, 'Kozmo Tincan', 1, 1, 11, 3, 0, 0),
(122, 'Flamvell Poun', 1, 1, 12, 4, 200, 200),
(123, 'Volcanic Shell', 1, 1, 12, 4, 100, 0),
(124, 'Alien Psychic', 1, 1, 13, 6, 200, 100),
(125, 'Evoltile Gephyro', 1, 1, 13, 4, 200, 400),
(126, 'Evoltile Pleuro', 1, 1, 13, 4, 200, 200),
(127, 'Reptilianne Servant', 1, 1, 13, 6, 100, 100),
(128, 'Sinister Serpent', 1, 1, 13, 1, 300, 250),
(129, 'Worm Ugly', 1, 1, 13, 3, 100, 100),
(130, 'Charm of Shabti', 1, 1, 14, 2, 100, 100),
(131, 'Gem-Knight Lazuli', 1, 1, 14, 2, 600, 100),
(132, 'Caravan of the Ice Barrier', 1, 1, 15, 1, 500, 200),
(133, 'Neptabyss, the Atlantean Prince', 1, 1, 15, 1, 800, 0),
(134, 'Berry Magician Girl', 1, 1, 16, 2, 400, 400),
(135, 'Copycat', 1, 1, 16, 3, 0, 0),
(136, 'Dimension Wanderer', 1, 1, 16, 3, 0, 0),
(137, 'Droll & Lock Bird', 1, 1, 16, 5, 0, 0),
(138, 'Fortune Lady Light', 1, 1, 16, 3, 0, 0),
(139, 'Genex Power Planner', 1, 1, 16, 3, 300, 200),
(140, 'Jester Confit', 1, 1, 16, 6, 0, 0),
(141, 'Jester Lord', 1, 1, 16, 6, 0, 0),
(142, 'Magical Scientist', 1, 1, 16, 6, 300, 300),
(143, 'Mystic Piper', 1, 1, 16, 3, 0, 0),
(144, 'Spell Recycler', 1, 1, 16, 6, 0, 0),
(145, 'Stoic of Prophecy', 1, 1, 16, 1, 300, 200),
(146, 'The Unhappy Maiden', 1, 1, 16, 3, 0, 100),
(147, 'Batteryman D', 1, 1, 17, 3, 0, 1900),
(148, 'Kurivolt', 1, 1, 17, 3, 300, 200),
(149, 'Morphtronic Magnen Bar', 1, 1, 17, 2, 100, 100),
(150, 'Watthopper', 1, 1, 17, 3, 0, 0),
(151, 'Destiny HERO - Dark Angel', 1, 1, 18, 6, 0, 0),
(152, 'Destiny HERO - Disk Commander', 1, 1, 18, 6, 300, 300),
(153, 'Dverg of the Nordic Alfar', 1, 1, 18, 2, 100, 1000),
(154, 'Flower Cardian Pine with Crane', 1, 1, 18, 6, 2000, 2000),
(155, 'Heroic Challenger - Clasp Sword', 1, 1, 18, 2, 300, 100),
(156, 'Infernity Randomizer', 1, 1, 18, 6, 900, 0),
(157, 'Little Trooper', 1, 1, 18, 2, 900, 500),
(158, 'Performapal Life Swordsman', 1, 1, 18, 3, 0, 0),
(159, 'Queen\'s Double', 1, 1, 18, 2, 350, 300),
(160, 'Sasuke Samurai 2', 1, 1, 18, 5, 200, 300),
(161, 'Stinging Swordsman', 1, 1, 18, 5, 300, 600),
(162, 'Super Soldier Soul', 1, 1, 18, 2, 0, 0),
(163, 'Triple Star Trion', 1, 1, 18, 3, 100, 100),
(164, 'ZS - Vanish Sage', 1, 1, 18, 3, 500, 100),
(165, 'Cheepcheepcheep', 1, 1, 19, 5, 300, 200),
(166, 'D.D. Crow', 1, 1, 19, 6, 100, 100),
(167, 'Raidraptor - Pain Lanius', 1, 1, 19, 6, 100, 100),
(168, 'Sonic Chick', 1, 1, 19, 2, 300, 300),
(169, 'Pulao, Wind of the Yang Zing', 1, 1, 20, 5, 0, 1800),
(170, 'King of the Skull Servants', 1, 1, 21, 6, 0, 0),
(171, 'Wightmare', 1, 1, 21, 6, 300, 200),
(172, 'Wightprince', 1, 1, 21, 6, 0, 0),
(173, 'Aquaactress Guppy', 1, 2, 1, 1, 600, 600),
(174, 'Cannonball Spear Shellfish', 1, 2, 1, 1, 1000, 1000),
(175, 'Dupe Frog', 1, 2, 1, 1, 100, 2000),
(176, 'Gishki Reliever', 1, 2, 1, 1, 500, 800),
(177, 'Poison Draw Frog', 1, 2, 1, 1, 100, 100),
(178, 'Prior of the Ice Barrier', 1, 2, 1, 1, 1000, 400),
(179, 'Ronintoadin', 1, 2, 1, 1, 100, 2000),
(180, 'Secret Guards of the Ice Barrier', 1, 2, 1, 1, 100, 1600),
(181, 'Star Boy', 1, 2, 1, 1, 550, 500),
(182, 'Submarine Frog', 1, 2, 1, 1, 1200, 600),
(183, 'Swap Frog', 1, 2, 1, 1, 1000, 500),
(184, 'Unifrog', 1, 2, 1, 1, 400, 400),
(185, 'Wind-Up Snail', 1, 2, 1, 1, 100, 2000),
(186, 'Blade Rabbit', 1, 2, 2, 2, 400, 300),
(187, 'Chrysalis Pantail', 1, 2, 2, 6, 800, 300),
(188, 'Dark Desertapir', 1, 2, 2, 2, 1100, 300),
(189, 'Dark Garnex the Cubic Beast', 1, 2, 2, 2, 0, 0),
(190, 'Little Chimera', 1, 2, 2, 4, 600, 550),
(191, 'Mogmole', 1, 2, 2, 2, 800, 800),
(192, 'Nimble Momonga', 1, 2, 2, 2, 1000, 100),
(193, 'Nimble Musasabi', 1, 2, 2, 2, 800, 100),
(194, 'Ojama Blue', 1, 2, 2, 3, 0, 1000),
(195, 'Ojama Red', 1, 2, 2, 3, 0, 1000),
(196, 'Playful Possum', 1, 2, 2, 2, 800, 600),
(197, 'Test Ape', 1, 2, 2, 2, 700, 300),
(198, 'The Fabled Nozoochee', 1, 2, 2, 3, 1200, 800),
(199, 'Tree Otter', 1, 2, 2, 1, 1200, 100),
(200, 'Wind-Up Kitten', 1, 2, 2, 2, 800, 500),
(201, 'Wrecker Panda', 1, 2, 2, 2, 800, 800),
(202, 'Lunalight Black Sheep', 1, 2, 3, 6, 100, 600),
(203, 'Babycerasaurus', 1, 2, 22, 2, 500, 500),
(204, 'Jurrac Stauriko', 1, 2, 22, 4, 500, 400),
(205, 'Petiteranodon', 1, 2, 22, 2, 500, 500),
(206, 'Decoy Dragon', 1, 2, 4, 4, 300, 200),
(207, 'Flamvell Dragnov', 1, 2, 4, 4, 1100, 200),
(208, 'T.G. Catapult Dragon', 1, 2, 4, 2, 900, 1300),
(209, 'Totem Dragon', 1, 2, 4, 2, 400, 200),
(210, 'Troop Dragon', 1, 2, 4, 5, 700, 800),
(211, 'Cyber Petit Angel', 1, 2, 5, 3, 300, 200),
(212, 'Fluffal Owl', 1, 2, 5, 2, 1000, 1000),
(213, 'Geira Guile the Cubic King', 1, 2, 5, 5, 0, 0),
(214, 'Herald of Green Light', 1, 2, 5, 3, 300, 500),
(215, 'Hoshiningen', 1, 2, 5, 3, 500, 700),
(216, 'Mimir of the Nordic Ascendant', 1, 2, 5, 6, 600, 0),
(217, 'Score the Melodious Diva', 1, 2, 5, 3, 200, 200),
(218, 'Tenshin', 1, 2, 5, 3, 800, 100),
(219, 'Damage Eater', 1, 2, 6, 6, 100, 800),
(220, 'Evil HERO Infernal Prodigy', 1, 2, 6, 6, 300, 600),
(221, 'Fabled Krus', 1, 2, 6, 3, 1000, 800),
(222, 'Gren, Tactician of Dark World', 1, 2, 6, 6, 300, 500),
(223, 'Infernoid Antra', 1, 2, 6, 4, 0, 2000),
(224, 'Kahkki, Guerilla of Dark World', 1, 2, 6, 6, 300, 500),
(225, 'Kiseitai', 1, 2, 6, 6, 300, 800),
(226, 'Malicevorous Fork', 1, 2, 6, 6, 400, 400),
(227, 'Malicevorous Spoon', 1, 2, 6, 6, 100, 500),
(228, 'Necro Linker', 1, 2, 6, 6, 600, 0),
(229, 'Ryu-Kishin Clown', 1, 2, 6, 6, 800, 500),
(230, 'Scarr, Scout of Dark World', 1, 2, 6, 6, 500, 500),
(231, 'Steelswarm Genome', 1, 2, 6, 6, 1000, 0),
(232, 'Umbral Horror Ghost', 1, 2, 6, 6, 200, 200),
(233, 'Vilepawn Archfiend', 1, 2, 6, 2, 1200, 200),
(234, 'Chrysalis Dolphin', 1, 2, 7, 1, 400, 600),
(235, 'Fishborg Planter', 1, 2, 7, 1, 200, 200),
(236, 'Gishki Abyss', 1, 2, 7, 1, 800, 500),
(237, 'Nimble Angler', 1, 2, 7, 1, 600, 100),
(238, 'Nimble Manta', 1, 2, 7, 1, 800, 100),
(239, 'Nimble Sunfish', 1, 2, 7, 1, 1000, 100),
(240, 'Performapal Sword Fish', 1, 2, 7, 1, 600, 600),
(241, 'Piranha Army', 1, 2, 7, 1, 800, 200),
(242, '8-Claws Scorpion', 1, 2, 8, 6, 300, 200),
(243, 'Bladefly', 1, 2, 8, 5, 600, 700),
(244, 'Chrysalis Larva', 1, 2, 8, 4, 300, 300),
(245, 'Danipon', 1, 2, 8, 2, 600, 600),
(246, 'Gale Dogra', 1, 2, 8, 2, 650, 600),
(247, 'Gokipon', 1, 2, 8, 2, 800, 800),
(248, 'Inzektor Ladybug', 1, 2, 8, 6, 500, 100),
(249, 'Noisy Gnat', 1, 2, 8, 2, 700, 300),
(250, 'Relinquished Spider', 1, 2, 8, 2, 300, 500),
(251, 'Silent Insect', 1, 2, 8, 2, 200, 300),
(252, 'Silent Strider', 1, 2, 8, 2, 300, 700),
(253, 'Ally Salvo', 1, 2, 9, 6, 400, 300),
(254, 'Ancient Gear', 1, 2, 9, 2, 100, 800),
(255, 'Cardcar D', 1, 2, 9, 2, 800, 400),
(256, 'Crystron Prasiortle', 1, 2, 9, 1, 500, 2000),
(257, 'Cyber Dragon Core', 1, 2, 9, 3, 400, 1500),
(258, 'Cyber Ouroboros', 1, 2, 9, 6, 100, 600),
(259, 'Cyber-Stein', 1, 2, 9, 6, 700, 500),
(260, 'D.D. Scout Plane', 1, 2, 9, 6, 800, 1200),
(261, 'Decoyroid', 1, 2, 9, 5, 300, 500),
(262, 'Deskbot 002', 1, 2, 9, 2, 500, 500),
(263, 'Jinzo 7', 1, 2, 9, 6, 500, 400),
(264, 'Karakuri Spider', 1, 2, 9, 2, 400, 500),
(265, 'Mecha Bunny', 1, 2, 9, 2, 800, 100),
(266, 'Morphtronic Cameran', 1, 2, 9, 3, 800, 600),
(267, 'Quillbolt Hedgehog', 1, 2, 9, 2, 800, 800),
(268, 'R-Genex Crusher', 1, 2, 9, 2, 800, 800),
(269, 'Superheavy Samurai Soulclaw', 1, 2, 9, 2, 500, 500),
(270, 'Superheavy Samurai Soulfire Suit', 1, 2, 9, 4, 800, 800),
(271, 'Synchron Carrier', 1, 2, 9, 2, 0, 1000),
(272, 'Synchron Explorer', 1, 2, 9, 2, 0, 700),
(273, 'Union Rider', 1, 2, 9, 5, 1000, 1000),
(274, 'Chrysalis Pinny', 1, 2, 10, 3, 100, 700),
(275, 'Dark Verger', 1, 2, 10, 2, 0, 1000),
(276, 'Dreamsprite', 1, 2, 10, 3, 300, 200),
(277, 'Interceptomato', 1, 2, 10, 2, 800, 800),
(278, 'Naturia Beans', 1, 2, 10, 2, 100, 1200),
(279, 'Naturia Eggplant', 1, 2, 10, 2, 1000, 700),
(280, 'Naturia Pineapple', 1, 2, 10, 2, 100, 100),
(281, 'Naturia Sunflower', 1, 2, 10, 2, 500, 0),
(282, 'Predaplant Squid Drosera', 1, 2, 10, 6, 800, 400),
(283, 'Rainbow Flower', 1, 2, 10, 2, 400, 500),
(284, 'Snapdragon', 1, 2, 10, 2, 300, 100),
(285, 'Sweet Corn', 1, 2, 10, 2, 0, 0),
(286, 'D.D. Telepon', 1, 2, 11, 2, 500, 1800),
(287, 'Kozmo Strawman', 1, 2, 11, 3, 500, 1800),
(288, 'Lifeforce Harmonizer', 1, 2, 11, 5, 800, 400),
(289, 'Psi-Beast', 1, 2, 11, 2, 700, 500),
(290, 'Ritual Beast Tamer Elder', 1, 2, 11, 5, 200, 1000),
(291, 'Time Escaper', 1, 2, 11, 2, 500, 100),
(292, 'Winda, Priestess of Gusto', 1, 2, 11, 5, 1000, 400),
(293, 'Master Craftsman Gamil', 1, 2, 12, 4, 200, 200),
(294, 'Volcanic Scattershot', 1, 2, 12, 4, 500, 0),
(295, 'Alien Infiltrator', 1, 2, 13, 2, 800, 500),
(296, 'Evoltile Odonto', 1, 2, 13, 4, 500, 1200),
(297, 'Chrysalis Mole', 1, 2, 14, 2, 700, 100),
(298, 'Doki Doki', 1, 2, 14, 2, 500, 500),
(299, 'Medusa Worm', 1, 2, 14, 2, 500, 600),
(300, 'Muka Muka', 1, 2, 14, 2, 600, 300),
(301, 'Weeping Idol', 1, 2, 14, 6, 0, 500),
(302, 'Atlantean Heavy Infantry', 1, 2, 15, 1, 0, 1600),
(303, 'Gishki Vision', 1, 2, 15, 1, 700, 500),
(304, 'Imairuka', 1, 2, 15, 1, 1000, 1000),
(305, 'Apprentice Magician', 1, 2, 16, 6, 400, 800),
(306, 'Constellar Rasalhague', 1, 2, 16, 3, 900, 100),
(307, 'Ebon Magician Curran', 1, 2, 16, 6, 1200, 0),
(308, 'Eidos the Underworld Squire', 1, 2, 16, 6, 800, 1000),
(309, 'Extra Veiler', 1, 2, 16, 3, 600, 200),
(310, 'Featherizer', 1, 2, 16, 5, 700, 1100),
(311, 'Flelf', 1, 2, 16, 5, 800, 1300),
(312, 'Fortune Lady Fire', 1, 2, 16, 4, 0, 0),
(313, 'Gagaga Sister', 1, 2, 16, 6, 200, 800),
(314, 'Ghostrick Doll', 1, 2, 16, 6, 300, 1200),
(315, 'Ghostrick Nekomusume', 1, 2, 16, 6, 400, 900),
(316, 'Ghostrick Witch', 1, 2, 16, 6, 1200, 200),
(317, 'Ghostrick Yuki-onna', 1, 2, 16, 6, 1000, 800),
(318, 'Gwenhwyfar, Queen of Noble Arms', 1, 2, 16, 3, 300, 300),
(319, 'Hand of Nephthys', 1, 2, 16, 5, 600, 600),
(320, 'Lemon Magician Girl', 1, 2, 16, 3, 800, 600),
(321, 'Magicat', 1, 2, 16, 3, 600, 500),
(322, 'Magician\'s Robe', 1, 2, 16, 6, 700, 2000),
(323, 'Miracle Flipper', 1, 2, 16, 3, 300, 500),
(324, 'Pixie Knight', 1, 2, 16, 3, 1300, 200),
(325, 'Power Supplier', 1, 2, 16, 2, 400, 400),
(326, 'Saambell the Summoner', 1, 2, 16, 5, 600, 400),
(327, 'Spellbook Magician of Prophecy', 1, 2, 16, 1, 500, 400),
(328, 'Synchro Fusionist', 1, 2, 16, 6, 800, 600),
(329, 'The Unhappy Girl', 1, 2, 16, 3, 400, 300),
(330, 'Time Wizard', 1, 2, 16, 3, 500, 400),
(331, 'Xyz Agent', 1, 2, 16, 3, 900, 300),
(332, 'Batteryman C', 1, 2, 17, 3, 0, 0),
(333, 'Mithra the Thunder Vassal', 1, 2, 17, 3, 800, 1000),
(334, 'The Calculator', 1, 2, 17, 3, 0, 0),
(335, 'Wattlemur', 1, 2, 17, 3, 800, 100),
(336, 'Amazoness Scouts', 1, 2, 18, 2, 500, 1100),
(337, 'Card Breaker', 1, 2, 18, 3, 100, 900),
(338, 'Cross Porter', 1, 2, 18, 6, 400, 400),
(339, 'Destiny HERO - Departed', 1, 2, 18, 6, 1000, 0),
(340, 'Doppelwarrior', 1, 2, 18, 6, 800, 800),
(341, 'Fortress Warrior', 1, 2, 18, 2, 600, 1200),
(342, 'Gagaga Clerk', 1, 2, 18, 2, 400, 800),
(343, 'Hero Kid', 1, 2, 18, 2, 300, 600),
(344, 'Infernity Dwarf', 1, 2, 18, 6, 800, 500),
(345, 'Iron Chain Blaster', 1, 2, 18, 2, 1100, 0),
(346, 'Key Man the Key Warrior', 1, 2, 18, 2, 1000, 500),
(347, 'Mystic Swordsman LV2', 1, 2, 18, 2, 900, 0),
(348, 'Nubian Guard', 1, 2, 18, 4, 500, 500),
(349, 'Rush Warrior', 1, 2, 18, 5, 300, 1200),
(350, 'Samsara Kaiser', 1, 2, 18, 2, 200, 100),
(351, 'Sasuke Samurai', 1, 2, 18, 5, 500, 800),
(352, 'Sonic Warrior', 1, 2, 18, 5, 1000, 0),
(353, 'Speed Warrior', 1, 2, 18, 5, 900, 400),
(354, 'Vengeful Shinobi', 1, 2, 18, 6, 400, 800),
(355, 'Blackwing - Fane the Steel Chain', 1, 2, 19, 6, 500, 800),
(356, 'Blackwing - Gust the Backblast', 1, 2, 19, 6, 900, 1400),
(357, 'Blackwing - Harmattan the Dust', 1, 2, 19, 6, 800, 800),
(358, 'Caligo Claw Crow', 1, 2, 19, 6, 900, 600),
(359, 'Chrysalis Chicky', 1, 2, 19, 5, 600, 400),
(360, 'Gusto Griffin', 1, 2, 19, 5, 800, 300),
(361, 'Performapal Spikeagle', 1, 2, 19, 5, 900, 900),
(362, 'Shield Wing', 1, 2, 19, 5, 0, 900),
(363, 'Unibird', 1, 2, 19, 5, 100, 600),
(364, 'Bixi, Water of the Yang Zing', 1, 2, 20, 1, 0, 2000),
(365, 'Nightmare Horse', 1, 2, 21, 6, 500, 400),
(366, 'Zombowwow', 1, 2, 21, 6, 1000, 1000),
(367, 'Beelze Frog', 1, 3, 1, 1, 1200, 800),
(368, 'Crystal Beast Emerald Tortoise', 1, 3, 1, 1, 600, 2000),
(369, 'Deep Diver', 1, 3, 1, 1, 1000, 1100),
(370, 'Drill Barnacle', 1, 3, 1, 1, 300, 0),
(371, 'Genex Undine', 1, 3, 1, 1, 1200, 600),
(372, 'Gladiator Beast Retiari', 1, 3, 1, 1, 1200, 800),
(373, 'Graydle Alligator', 1, 3, 1, 1, 500, 1500),
(374, 'Graydle Eagle', 1, 3, 1, 1, 1500, 500),
(375, 'Koa\'ki Meiru Hydro Barrier', 1, 3, 1, 1, 1000, 1900),
(376, 'Maryokutai', 1, 3, 1, 1, 900, 900),
(377, 'Mermail Abyssdine', 1, 3, 1, 1, 1000, 200),
(378, 'Mermail Abyssgunde', 1, 3, 1, 1, 1400, 800),
(379, 'Mermail Abysslinde', 1, 3, 1, 1, 1500, 1200),
(380, 'Mermail Abyssocea', 1, 3, 1, 1, 1100, 1900),
(381, 'Mucus Yolk', 1, 3, 1, 6, 0, 100),
(382, 'Nopenguin', 1, 3, 1, 1, 1600, 100),
(383, 'Penguin Knight', 1, 3, 1, 1, 900, 800),
(384, 'Servant of Catabolism', 1, 3, 1, 3, 700, 500),
(385, 'Starfish', 1, 3, 1, 1, 300, 300),
(386, 'Vortex Trooper', 1, 3, 1, 5, 0, 600),
(387, 'Wingtortoise', 1, 3, 1, 5, 1500, 1400),
(388, 'Yomi Ship', 1, 3, 1, 1, 800, 1400),
(389, 'Ape Magician', 1, 3, 2, 6, 800, 1200),
(390, 'Constellar Leonis', 1, 3, 2, 3, 1000, 1800),
(391, 'Crystal Beast Amethyst Cat', 1, 3, 2, 2, 1200, 400),
(392, 'D.D. Crazy Beast', 1, 3, 2, 2, 1400, 1400),
(393, 'Des Wombat', 1, 3, 2, 2, 1600, 300),
(394, 'Gallis the Star Beast', 1, 3, 2, 2, 800, 800),
(395, 'Gladiator Beast Samnite', 1, 3, 2, 2, 1600, 1200),
(396, 'Gyaku-Gire Panda', 1, 3, 2, 2, 800, 1600),
(397, 'Hyena', 1, 3, 2, 2, 1000, 300),
(398, 'Infernity Beast', 1, 3, 2, 6, 1600, 1200),
(399, 'Lock Cat', 1, 3, 2, 2, 1200, 1000),
(400, 'Madolche Baaple', 1, 3, 2, 2, 0, 1800),
(401, 'Madolche Chickolates', 1, 3, 2, 2, 800, 1500),
(402, 'Madolche Hootcake', 1, 3, 2, 2, 1500, 1100),
(403, 'Madolche Mewfeuille', 1, 3, 2, 2, 500, 300),
(404, 'Monoceros', 1, 3, 2, 3, 1000, 1000),
(405, 'Mystical Sheep 1', 1, 3, 2, 2, 1150, 900),
(406, 'Neo-Spacian Dark Panther', 1, 3, 2, 6, 1000, 500),
(407, 'Performapal Hip Hippo', 1, 3, 2, 2, 800, 800),
(408, 'Peropero Cerperus', 1, 3, 2, 2, 0, 1800),
(409, 'Photon Cerberus', 1, 3, 2, 3, 1300, 600),
(410, 'Tanngnjostr of the Nordic Beasts', 1, 3, 2, 2, 800, 1100),
(411, 'Tanngrisnir of the Nordic Beasts', 1, 3, 2, 2, 1200, 800),
(412, 'The Fabled Ganashia', 1, 3, 2, 3, 1600, 1000),
(413, 'The Wicked Worm Beast', 1, 3, 2, 2, 1400, 700),
(414, 'Wind-Up Dog', 1, 3, 2, 2, 1200, 900),
(415, 'Wind-Up Rat', 1, 3, 2, 2, 600, 600),
(416, 'XX-Saber Darksoul', 1, 3, 2, 2, 100, 100),
(417, 'Aurkus, Lightsworn Druid', 1, 3, 3, 3, 1200, 1800),
(418, 'Brotherhood of the Fire Fist - Hawk', 1, 3, 3, 4, 200, 1500),
(419, 'Brotherhood of the Fire Fist - Leopard', 1, 3, 3, 4, 0, 200),
(420, 'Brotherhood of the Fire Fist - Raven', 1, 3, 3, 4, 200, 1800),
(421, 'Brotherhood of the Fire Fist - Rooster', 1, 3, 3, 4, 1500, 100),
(422, 'Caninetaur', 1, 3, 3, 4, 1500, 200),
(423, 'Constellar Aldebaran', 1, 3, 3, 3, 1300, 800),
(424, 'Lunalight Purple Butterfly', 1, 3, 3, 6, 1000, 1000),
(425, 'Man Beast of Ares', 1, 3, 3, 2, 500, 500),
(426, 'Performapal Corn', 1, 3, 3, 3, 600, 1000),
(427, 'Rampaging Rhynos', 1, 3, 3, 2, 1500, 1500),
(428, 'Shogi Knight', 1, 3, 3, 2, 800, 400),
(429, 'Shogi Lance', 1, 3, 3, 2, 500, 500),
(430, 'T.G. Warwolf', 1, 3, 3, 6, 1200, 0),
(431, 'Wind-Up Hunter', 1, 3, 3, 6, 1600, 500),
(432, 'Wind-Up Rabbit', 1, 3, 3, 2, 1400, 600),
(433, 'Woodland Archer', 1, 3, 3, 2, 1400, 1300),
(434, 'Carboneddon', 1, 3, 22, 2, 800, 600),
(435, 'Gilasaurus', 1, 3, 22, 2, 1400, 400),
(436, 'Jurrac Ptera', 1, 3, 22, 4, 800, 1500),
(437, 'Armed Dragon LV3', 1, 3, 4, 5, 1200, 900),
(438, 'Burner, Dragon Ruler of Sparks', 1, 3, 4, 4, 1000, 200),
(439, 'Cyberdark Claw', 1, 3, 4, 6, 1600, 800),
(440, 'Dweller in the Depths', 1, 3, 4, 2, 1500, 700),
(441, 'Exploder Dragon', 1, 3, 4, 2, 1000, 0),
(442, 'Gray Wing', 1, 3, 4, 5, 1300, 700),
(443, 'Kidmodo Dragon', 1, 3, 4, 2, 100, 200),
(444, 'Masked Dragon', 1, 3, 4, 4, 1400, 1100),
(445, 'Photon Lizard', 1, 3, 4, 3, 900, 1200),
(446, 'Poki Draco', 1, 3, 4, 4, 200, 100),
(447, 'Twin-Headed Behemoth', 1, 3, 4, 5, 1500, 1200),
(448, 'Banisher of the Light', 1, 3, 5, 3, 100, 2000),
(449, 'Charming Resort Staff', 1, 3, 5, 3, 300, 200),
(450, 'Crystal Beast Ruby Carbuncle', 1, 3, 5, 3, 300, 300),
(451, 'Fairy Archer', 1, 3, 5, 3, 1400, 600),
(452, 'Fairy Guardian', 1, 3, 5, 5, 1000, 1000),
(453, 'Fluffal Bear', 1, 3, 5, 2, 1200, 800),
(454, 'Goddess of Whim', 1, 3, 5, 3, 950, 700),
(455, 'Guardian Elma', 1, 3, 5, 5, 1300, 1200),
(456, 'Kotodama', 1, 3, 5, 2, 0, 1600),
(457, 'Little Fairy', 1, 3, 5, 3, 800, 800),
(458, 'Marshmallon', 1, 3, 5, 3, 300, 500),
(459, 'Royal Knight', 1, 3, 5, 3, 1300, 800),
(460, 'Shire, Lightsworn Spirit', 1, 3, 5, 3, 400, 1400),
(461, 'Sonata the Melodious Diva', 1, 3, 5, 3, 1200, 1000),
(462, 'Spirit of the Breeze', 1, 3, 5, 5, 0, 1800),
(463, 'Subterror Nemesis Archer', 1, 3, 5, 2, 1600, 1400),
(464, 'The Agent of Creation - Venus', 1, 3, 5, 3, 1600, 0),
(465, 'Vulcan Dragni the Cubic King', 1, 3, 5, 4, 0, 0),
(466, 'Alich, Malebranche of the Burning Abyss', 1, 3, 6, 6, 1200, 0),
(467, 'Archfiend Heiress', 1, 3, 6, 6, 1000, 0),
(468, 'Blast Asmodian', 1, 3, 6, 4, 1000, 300),
(469, 'Cagna, Malebranche of the Burning Abyss', 1, 3, 6, 6, 1500, 300),
(470, 'Calcab, Malebranche of the Burning Abyss', 1, 3, 6, 6, 1400, 0),
(471, 'Cir, Malebranche of the Burning Abyss', 1, 3, 6, 6, 1600, 1200),
(472, 'Crashbug Y', 1, 3, 6, 6, 1400, 1600),
(473, 'Crashbug Z', 1, 3, 6, 6, 0, 1500),
(474, 'Dark Artist', 1, 3, 6, 6, 600, 1400),
(475, 'Dark Mimic LV3', 1, 3, 6, 6, 1000, 1000),
(476, 'Darkbishop Archfiend', 1, 3, 6, 1, 300, 1400),
(477, 'Desrook Archfiend', 1, 3, 6, 3, 1100, 1800),
(478, 'Djinn Demolisher of Rituals', 1, 3, 6, 6, 1500, 600),
(479, 'Djinn Prognosticator of Rituals', 1, 3, 6, 6, 400, 300),
(480, 'Djinn Releaser of Rituals', 1, 3, 6, 6, 1200, 2000),
(481, 'Doomdog Octhros', 1, 3, 6, 6, 800, 800),
(482, 'Draghig, Malebranche of the Burning Abyss', 1, 3, 6, 6, 1100, 900),
(483, 'Edge Imp Sabres', 1, 3, 6, 6, 1200, 800),
(484, 'Edge Imp Saw', 1, 3, 6, 6, 500, 1000),
(485, 'Farfa, Malebranche of the Burning Abyss', 1, 3, 6, 6, 1000, 1900),
(486, 'Garbage Ogre', 1, 3, 6, 6, 800, 1300),
(487, 'Graff, Malebranche of the Burning Abyss', 1, 3, 6, 6, 1000, 1500),
(488, 'Gren Maju Da Eiza', 1, 3, 6, 4, 0, 0),
(489, 'Infernity Knight', 1, 3, 6, 6, 1400, 400),
(490, 'Infernity Necromancer', 1, 3, 6, 6, 0, 2000),
(491, 'Infernoid Harmadik', 1, 3, 6, 4, 1600, 0),
(492, 'Kuribandit', 1, 3, 6, 6, 1000, 700),
(493, 'Libic, Malebranche of the Burning Abyss', 1, 3, 6, 6, 1300, 700),
(494, 'Magical King Moonstar', 1, 3, 6, 6, 900, 600),
(495, 'Memory Crusher', 1, 3, 6, 6, 1000, 600),
(496, 'Metabo Globster', 1, 3, 6, 6, 800, 300),
(497, 'Possessed Dark Soul', 1, 3, 6, 6, 1200, 800),
(498, 'Sangan', 1, 3, 6, 6, 1000, 600),
(499, 'Skull Knight 2', 1, 3, 6, 6, 1000, 1200),
(500, 'Tainted Wisdom', 1, 3, 6, 6, 1250, 800),
(501, 'Tour Bus From the Underworld', 1, 3, 6, 6, 1000, 1000),
(502, 'Tour Guide From the Underworld', 1, 3, 6, 6, 1000, 600),
(503, 'Versago the Destroyer', 1, 3, 6, 6, 1100, 900),
(504, 'Big Jaws', 1, 3, 7, 1, 1800, 300),
(505, 'Creeping Doom Manta', 1, 3, 7, 1, 1300, 1200),
(506, 'Flyfang', 1, 3, 7, 5, 1600, 300),
(507, 'Gladiator Beast Murmillo', 1, 3, 7, 1, 800, 400),
(508, 'Gladiator Beast Torax', 1, 3, 7, 1, 1400, 400),
(509, 'Needle Sunfish', 1, 3, 7, 1, 1500, 100),
(510, 'Ocean\'s Keeper', 1, 3, 7, 1, 1500, 1200),
(511, 'Shark Stickers', 1, 3, 7, 1, 200, 1000),
(512, 'Tripod Fish', 1, 3, 7, 1, 300, 1300),
(513, 'Arsenal Bug', 1, 3, 8, 2, 2000, 2000),
(514, 'Cockroach Knight', 1, 3, 8, 2, 800, 900),
(515, 'Cocoon of Evolution', 1, 3, 8, 2, 0, 2000),
(516, 'Des Mosquito', 1, 3, 8, 6, 500, 500),
(517, 'Digital Bug Centibit', 1, 3, 8, 3, 1500, 500),
(518, 'Digital Bug Cocoondenser', 1, 3, 8, 3, 0, 2000),
(519, 'Galaxy Worm', 1, 3, 8, 3, 1200, 1000),
(520, 'Insect Soldiers of the Sky', 1, 3, 8, 5, 1000, 800),
(521, 'Inzektor Ant', 1, 3, 8, 6, 200, 600),
(522, 'Inzektor Centipede', 1, 3, 8, 6, 1600, 1200),
(523, 'Inzektor Dragonfly', 1, 3, 8, 6, 1000, 1800),
(524, 'Inzektor Hornet', 1, 3, 8, 6, 500, 200),
(525, 'Minar', 1, 3, 8, 2, 850, 750),
(526, 'Naturia Fruitfly', 1, 3, 8, 2, 800, 1500),
(527, 'Swarm of Locusts', 1, 3, 8, 6, 1000, 500),
(528, 'Swarm of Scarabs', 1, 3, 8, 6, 500, 1000),
(529, 'Ultimate Insect LV3', 1, 3, 8, 5, 1400, 900),
(530, 'Warm Worm', 1, 3, 8, 4, 600, 1400),
(531, 'XX-Saber Emmersblade', 1, 3, 8, 2, 1300, 800),
(532, 'Adhesive Explosive', 1, 3, 9, 5, 1000, 1000),
(533, 'Ally of Justice Core Destroyer', 1, 3, 9, 6, 1200, 200),
(534, 'Ally of Justice Searcher', 1, 3, 9, 6, 1400, 100),
(535, 'Ally of Justice Unknown Crusher', 1, 3, 9, 6, 1200, 800),
(536, 'Ambulanceroid', 1, 3, 9, 2, 300, 1200),
(537, 'Ancient Gear Hunting Hound', 1, 3, 9, 2, 1000, 1000),
(538, 'Blast Juggler', 1, 3, 9, 4, 800, 900),
(539, 'Bowganian', 1, 3, 9, 6, 1300, 1000),
(540, 'Chronomaly Mayan Machine', 1, 3, 9, 2, 1500, 700),
(541, 'Construction Train Signal Red', 1, 3, 9, 2, 1000, 1300),
(542, 'Crystron Thystvern', 1, 3, 9, 1, 1500, 1500),
(543, 'Cyber Kirin', 1, 3, 9, 3, 300, 800),
(544, 'Deskbot 003', 1, 3, 9, 2, 500, 500),
(545, 'Duck Fighter', 1, 3, 9, 5, 1300, 1400),
(546, 'Geargiano', 1, 3, 9, 2, 500, 1000),
(547, 'Geargiano Mk-II', 1, 3, 9, 2, 1000, 500),
(548, 'Geargiano Mk-III', 1, 3, 9, 2, 1000, 1000),
(549, 'Genex Ally Changer', 1, 3, 9, 6, 1200, 1800),
(550, 'Gyroid', 1, 3, 9, 5, 1000, 1000),
(551, 'Jinzo - Returner', 1, 3, 9, 6, 600, 1400),
(552, 'Koa\'ki Meiru Speeder', 1, 3, 9, 5, 1200, 2200),
(553, 'Mecha Phantom Beast Aerosguin', 1, 3, 9, 5, 1600, 400),
(554, 'Mecha Phantom Beast Hamstrat', 1, 3, 9, 5, 1100, 1600),
(555, 'Mecha Phantom Beast Stealthray', 1, 3, 9, 5, 100, 2100),
(556, 'Mecha Phantom Beast Turtletracer', 1, 3, 9, 5, 500, 2000),
(557, 'Mimimic', 1, 3, 9, 2, 300, 300),
(558, 'Morphtronic Boarden', 1, 3, 9, 2, 500, 1800),
(559, 'Patrol Robo', 1, 3, 9, 2, 1100, 900),
(560, 'Photon Pirate', 1, 3, 9, 3, 1000, 1000),
(561, 'Proto-Cyber Dragon', 1, 3, 9, 3, 1100, 600),
(562, 'Pursuit Chaser', 1, 3, 9, 2, 1400, 600),
(563, 'Scrap Hunter', 1, 3, 9, 2, 1600, 400),
(564, 'Scrap Recycler', 1, 3, 9, 2, 900, 1200),
(565, 'Speedroid Taketomborg', 1, 3, 9, 5, 600, 1200),
(566, 'Super Defense Robot Monki', 1, 3, 9, 2, 800, 1200),
(567, 'Superheavy Samurai Flutist', 1, 3, 9, 2, 500, 1000),
(568, 'Superheavy Samurai Gigagloves', 1, 3, 9, 2, 100, 1000),
(569, 'Superheavy Samurai Prepped Defense', 1, 3, 9, 2, 100, 2100),
(570, 'Superheavy Samurai Soulbang Cannon', 1, 3, 9, 2, 1000, 1000),
(571, 'Superheavy Samurai Soulshield Wall', 1, 3, 9, 2, 1200, 1200),
(572, 'Superheavy Samurai Swordsman', 1, 3, 9, 2, 1000, 1800),
(573, 'Tricular', 1, 3, 9, 2, 300, 300),
(574, 'Wroughtweiler', 1, 3, 9, 2, 800, 1200),
(575, 'Anti-Aircraft Flower', 1, 3, 10, 2, 0, 1600),
(576, 'Aromage Cananga', 1, 3, 10, 2, 1400, 1000),
(577, 'Dandylion', 1, 3, 10, 2, 300, 300),
(578, 'Elemental HERO Knospe', 1, 3, 10, 2, 600, 1000),
(579, 'Flowerbot', 1, 3, 10, 2, 1500, 800),
(580, 'Grass Phantom', 1, 3, 10, 1, 1000, 1000),
(581, 'Hedge Guard', 1, 3, 10, 2, 0, 2100),
(582, 'Inmato', 1, 3, 10, 6, 1400, 800),
(583, 'Lonefire Blossom', 1, 3, 10, 4, 500, 1400),
(584, 'Naturia Marron', 1, 3, 10, 2, 1200, 700),
(585, 'Neo-Spacian Glow Moss', 1, 3, 10, 3, 300, 900),
(586, 'Puppet Plant', 1, 3, 10, 2, 1000, 1000),
(587, 'Rose Fairy', 1, 3, 10, 5, 600, 1200),
(588, 'Seed of Flame', 1, 3, 10, 4, 1600, 1200),
(589, 'Sylvan Marshalleaf', 1, 3, 10, 1, 1500, 1200),
(590, 'Sylvan Mikorange', 1, 3, 10, 1, 400, 1100),
(591, 'Woodland Sprite', 1, 3, 10, 2, 900, 400),
(592, 'Dr. Frankenderp', 1, 3, 11, 6, 300, 300),
(593, 'Ghost Fairy Elfobia', 1, 3, 11, 5, 900, 500),
(594, 'Hushed Psychic Cleric', 1, 3, 11, 2, 0, 2100),
(595, 'Kozmo Farmgirl', 1, 3, 11, 3, 1500, 1000),
(596, 'Kozmo Soartroopers', 1, 3, 11, 6, 1000, 1000),
(597, 'Pilica, Descendant of Gusto', 1, 3, 11, 5, 1000, 1500),
(598, 'Risebell the Star Adjuster', 1, 3, 11, 5, 800, 800),
(599, 'Ritual Beast Tamer Wen', 1, 3, 11, 5, 1500, 1000),
(600, 'Super Quantum Blue Layer', 1, 3, 11, 1, 1200, 2000),
(601, 'Burning Algae', 1, 3, 12, 4, 500, 1500),
(602, 'Invasion of Flames', 1, 3, 12, 4, 1300, 1200),
(603, 'Laval Miller', 1, 3, 12, 4, 300, 400),
(604, 'Morphtronic Datatron', 1, 3, 12, 4, 1200, 600),
(605, 'Neo Flamvell Garuda', 1, 3, 12, 4, 1200, 1800),
(606, 'Neo Flamvell Shaman', 1, 3, 12, 4, 1700, 200),
(607, 'R-Genex Magma', 1, 3, 12, 4, 1000, 200),
(608, 'Volcanic Counter', 1, 3, 12, 4, 300, 1300),
(609, 'Alien Dog', 1, 3, 13, 3, 1500, 1000),
(610, 'Cobraman Sakuzy', 1, 3, 13, 2, 800, 1400),
(611, 'Don Turtle', 1, 3, 13, 1, 1100, 1200),
(612, 'Evoltile Casinerio', 1, 3, 13, 4, 1600, 400),
(613, 'Evoltile Lagosucho', 1, 3, 13, 4, 1200, 500),
(614, 'Lightserpent', 1, 3, 13, 3, 1200, 800),
(615, 'Oshaleon', 1, 3, 13, 1, 1400, 800),
(616, 'Razor Lizard', 1, 3, 13, 2, 1500, 300),
(617, 'Reptilianne Gorgon', 1, 3, 13, 6, 1400, 1400),
(618, 'Terrene Toothed Tsuchinoko', 1, 3, 13, 2, 1600, 500),
(619, 'Venom Snake', 1, 3, 13, 2, 1200, 600),
(620, 'Worm Barses', 1, 3, 13, 3, 1400, 1500),
(621, 'Alpha The Electromagnet Warrior', 1, 3, 14, 2, 1700, 1100),
(622, 'Block Golem', 1, 3, 14, 2, 1000, 1500),
(623, 'Chronomaly Crystal Bones', 1, 3, 14, 3, 1300, 400),
(624, 'Chronomaly Crystal Skull', 1, 3, 14, 3, 900, 600),
(625, 'Chronomaly Gordian Knot', 1, 3, 14, 2, 300, 900),
(626, 'Elephant Statue of Disaster', 1, 3, 14, 2, 1500, 0),
(627, 'Gamma The Electromagnet Warrior', 1, 3, 14, 2, 800, 2000),
(628, 'Gem-Elephant', 1, 3, 14, 2, 400, 1900),
(629, 'Gem-Knight Obsidian', 1, 3, 14, 2, 1500, 1200),
(630, 'Gonogo', 1, 3, 14, 2, 1350, 1600),
(631, 'Gorgonic Cerberus', 1, 3, 14, 6, 1300, 300),
(632, 'Gorgonic Gargoyle', 1, 3, 14, 6, 1000, 800),
(633, 'Gorgonic Golem', 1, 3, 14, 6, 1200, 600),
(634, 'Kayenn, the Master Magma Blacksmith', 1, 3, 14, 4, 1200, 200),
(635, 'Legendary Jujitsu Master', 1, 3, 14, 2, 1300, 1800),
(636, 'Mine Golem', 1, 3, 14, 2, 1000, 1900),
(637, 'Monk Fighter', 1, 3, 14, 2, 1300, 1000),
(638, 'Naturia Rock', 1, 3, 14, 2, 1200, 1200),
(639, 'Performapal Thunderhino', 1, 3, 14, 3, 200, 1800),
(640, 'Rocket Jumper', 1, 3, 14, 2, 1000, 800),
(641, 'Seismic Crasher', 1, 3, 14, 2, 1400, 300),
(642, 'Sentry Soldier of Stone', 1, 3, 14, 2, 1300, 2000),
(643, 'Small Piece Golem', 1, 3, 14, 2, 1100, 0),
(644, 'The Dark - Hex-Sealed Fusion', 1, 3, 14, 6, 1000, 1600),
(645, 'The Earth - Hex-Sealed Fusion', 1, 3, 14, 2, 1000, 1600),
(646, 'The Light - Hex-Sealed Fusion', 1, 3, 14, 3, 1000, 1600),
(647, 'Totem Five', 1, 3, 14, 4, 500, 200),
(648, 'Triamid Dancer', 1, 3, 14, 2, 600, 1900),
(649, 'Atlantean Attack Squad', 1, 3, 15, 1, 1400, 0),
(650, 'Atlantean Marksman', 1, 3, 15, 1, 1400, 0),
(651, 'Gishki Diviner', 1, 3, 15, 1, 1200, 800),
(652, 'Legendary Atlantean Tridon', 1, 3, 15, 1, 1600, 800),
(653, 'Mermaid Archer', 1, 3, 15, 1, 1200, 200),
(654, 'Skystarray', 1, 3, 15, 5, 600, 300),
(655, 'Spined Gillman', 1, 3, 15, 1, 1300, 0),
(656, 'Allure Queen LV3', 1, 3, 16, 6, 500, 500),
(657, 'Amores of Prophecy', 1, 3, 16, 2, 600, 2000),
(658, 'Ancient Lamp', 1, 3, 16, 5, 900, 1400),
(659, 'Apple Magician Girl', 1, 3, 16, 4, 1200, 800),
(660, 'Card Ejector', 1, 3, 16, 2, 400, 400),
(661, 'Ceremonial Bell', 1, 3, 16, 3, 0, 1850),
(662, 'Damage Mage', 1, 3, 16, 6, 600, 1200),
(663, 'Emissary of the Oasis', 1, 3, 16, 3, 600, 400),
(664, 'Exodia the Forbidden One', 1, 3, 16, 6, 1000, 1000),
(665, 'Fool of Prophecy', 1, 3, 16, 2, 1600, 900),
(666, 'Fortune Lady Wind', 1, 3, 16, 5, 0, 0),
(667, 'Frontier Wiseman', 1, 3, 16, 2, 1600, 800),
(668, 'Gagaga Girl', 1, 3, 16, 6, 1000, 800),
(669, 'Gem-Merchant', 1, 3, 16, 2, 1000, 1000),
(670, 'Gravekeeper\'s Curse', 1, 3, 16, 6, 800, 800),
(671, 'Gravekeeper\'s Priestess', 1, 3, 16, 6, 1000, 1500),
(672, 'Great Phantom Thief', 1, 3, 16, 2, 1000, 1000),
(673, 'Green Turtle Summoner', 1, 3, 16, 1, 400, 1500),
(674, 'Jowgen the Spiritualist', 1, 3, 16, 3, 200, 1300),
(675, 'Justice of Prophecy', 1, 3, 16, 2, 1600, 800),
(676, 'Magician\'s Rod', 1, 3, 16, 6, 1600, 100),
(677, 'Maniacal Servant', 1, 3, 16, 6, 600, 1000),
(678, 'Mathematician', 1, 3, 16, 2, 1500, 500),
(679, 'Merlin', 1, 3, 16, 6, 1400, 500),
(680, 'Night Wing Sorceress', 1, 3, 16, 5, 1300, 1200),
(681, 'Peten the Dark Clown', 1, 3, 16, 6, 500, 1200),
(682, 'Phantom Magician', 1, 3, 16, 6, 600, 700),
(683, 'Sand Gambler', 1, 3, 16, 3, 300, 1600),
(684, 'Shock Troops of the Ice Barrier', 1, 3, 16, 1, 1500, 800),
(685, 'Spellstone Sorcerer Karood', 1, 3, 16, 3, 800, 1900),
(686, 'Warlock of the Ice Barrier', 1, 3, 16, 1, 400, 1000),
(687, 'White Magical Hat', 1, 3, 16, 3, 1000, 700),
(688, 'White Tiger Summoner', 1, 3, 16, 2, 1000, 1700),
(689, 'Windwitch - Ice Bell', 1, 3, 16, 5, 1000, 1000),
(690, 'Wizard Buster Destruction Sword', 1, 3, 16, 6, 1200, 900),
(691, 'Batteryman AA', 1, 3, 17, 3, 0, 0),
(692, 'Electric Lizard', 1, 3, 17, 2, 850, 800),
(693, 'Electric Snake', 1, 3, 17, 3, 800, 900),
(694, 'Electric Virus', 1, 3, 17, 3, 1000, 1000),
(695, 'Mist Valley Thunderbird', 1, 3, 17, 5, 1100, 700),
(696, 'Morphtronic Magnen', 1, 3, 17, 2, 800, 800),
(697, 'Rai Rider', 1, 3, 17, 3, 1200, 1400),
(698, 'Rai-Mei', 1, 3, 17, 3, 1400, 1200),
(699, 'Wattmole', 1, 3, 17, 3, 0, 100),
(700, 'Wattsquirrel', 1, 3, 17, 3, 700, 100),
(701, 'Wattwoodpecker', 1, 3, 17, 3, 1000, 100),
(702, 'Achacha Chanbara', 1, 3, 18, 4, 1400, 400),
(703, 'Amazoness Blowpiper', 1, 3, 18, 2, 800, 1500),
(704, 'Arcane Archer of the Forest', 1, 3, 18, 2, 900, 1400),
(705, 'Battlin\' Boxer Counterpunch', 1, 3, 18, 4, 0, 1100),
(706, 'Battlin\' Boxer Rabbit Puncher', 1, 3, 18, 4, 800, 1000),
(707, 'Battlin\' Boxer Rib Gardna', 1, 3, 18, 4, 100, 1400),
(708, 'Card Blocker', 1, 3, 18, 2, 400, 400),
(709, 'Cyber Tutu', 1, 3, 18, 2, 1000, 800),
(710, 'Dark Scorpion - Chick the Yellow', 1, 3, 18, 6, 1000, 1000),
(711, 'Dark Scorpion - Cliff the Trap Remover', 1, 3, 18, 6, 1200, 1000),
(712, 'Dash Warrior', 1, 3, 18, 5, 600, 1200),
(713, 'Destiny HERO - Blade Master', 1, 3, 18, 6, 300, 600),
(714, 'Destiny HERO - Captain Tenacious', 1, 3, 18, 6, 800, 800),
(715, 'Destiny HERO - Doom Lord', 1, 3, 18, 6, 600, 800),
(716, 'Destiny HERO - Dread Servant', 1, 3, 18, 6, 400, 700),
(717, 'Dream Clown', 1, 3, 18, 2, 1200, 900),
(718, 'Elder of the Six Samurai', 1, 3, 18, 2, 400, 0),
(719, 'Elemental HERO Ice Edge', 1, 3, 18, 1, 800, 900),
(720, 'Feedback Warrior', 1, 3, 18, 2, 800, 700),
(721, 'Fire Trooper', 1, 3, 18, 4, 1000, 1000),
(722, 'Flower Cardian Cherry Blossom with Curtain', 1, 3, 18, 6, 2000, 2000),
(723, 'Gagaga Caesar', 1, 3, 18, 2, 1800, 600),
(724, 'Gauntlet Warrior', 1, 3, 18, 2, 400, 1600),
(725, 'Hayabusa Knight', 1, 3, 18, 2, 1000, 700),
(726, 'Junk Defender', 1, 3, 18, 2, 500, 1800),
(727, 'Junk Forward', 1, 3, 18, 2, 900, 1500),
(728, 'Kaibaman', 1, 3, 18, 3, 200, 700),
(729, 'Karate Man', 1, 3, 18, 2, 1000, 1000),
(730, 'Legendary Six Samurai - Kageki', 1, 3, 18, 5, 200, 2000),
(731, 'Legendary Six Samurai - Mizuho', 1, 3, 18, 4, 1600, 1000),
(732, 'Legendary Six Samurai - Shinai', 1, 3, 18, 1, 1500, 1500),
(733, 'Majiosheldon', 1, 3, 18, 1, 800, 2000),
(734, 'Marauding Captain', 1, 3, 18, 2, 1200, 400),
(735, 'Marmiting Captain', 1, 3, 18, 2, 1200, 400),
(736, 'Mataza the Zapper', 1, 3, 18, 6, 1300, 800),
(737, 'Necro Gardna', 1, 3, 18, 6, 600, 1300),
(738, 'Neo-Spacian Aqua Dolphin', 1, 3, 18, 1, 600, 800),
(739, 'Rose Archer', 1, 3, 18, 2, 1000, 100),
(740, 'Sasuke Samurai 3', 1, 3, 18, 3, 1000, 1000),
(741, 'Shurit, Strategist of the Nekroz', 1, 3, 18, 1, 300, 1800),
(742, 'Silent Swordsman LV3', 1, 3, 18, 3, 1000, 1000),
(743, 'Spell Striker', 1, 3, 18, 2, 600, 200),
(744, 'Spy-C-Spy', 1, 3, 18, 4, 1200, 1300),
(745, 'The Hunter with 7 Weapons', 1, 3, 18, 2, 1000, 600),
(746, 'The Immortal Bushi', 1, 3, 18, 6, 1200, 600),
(747, 'The Little Swordsman of Aile', 1, 3, 18, 1, 800, 1300),
(748, 'The Phantom Knights of Ragged Gloves', 1, 3, 18, 6, 1000, 500),
(749, 'The Phantom Knights of Silent Boots', 1, 3, 18, 6, 200, 1200),
(750, 'The Six Samurai - Yaichi', 1, 3, 18, 1, 1300, 800),
(751, 'The Six Samurai - Yariza', 1, 3, 18, 2, 1000, 500),
(752, 'Ultimate Baseball Kid', 1, 3, 18, 4, 500, 1000),
(753, 'Wodan the Resident of the Forest', 1, 3, 18, 2, 900, 1200),
(754, 'Zubaba Buster', 1, 3, 18, 2, 1800, 600),
(755, 'Blackwing - Damascus the Polar Night', 1, 3, 19, 6, 1300, 700),
(756, 'Blackwing - Ghibli the Searing Wind', 1, 3, 19, 6, 0, 1600),
(757, 'Blackwing - Gladius the Midnight Sun', 1, 3, 19, 6, 800, 1500),
(758, 'Crane Crane', 1, 3, 19, 2, 300, 900),
(759, 'Dragunity Legionnaire', 1, 3, 19, 5, 1200, 800),
(760, 'Eagle Eye', 1, 3, 19, 5, 1300, 1200),
(761, 'Fire King Avatar Garunix', 1, 3, 19, 4, 700, 1700),
(762, 'Garum the Storm Vassal', 1, 3, 19, 5, 800, 1000),
(763, 'Gusto Codor', 1, 3, 19, 5, 1000, 400),
(764, 'Kujakujaku', 1, 3, 19, 5, 1200, 900),
(765, 'Neo-Spacian Air Hummingbird', 1, 3, 19, 5, 800, 600),
(766, 'Raidraptor - Skull Eagle', 1, 3, 19, 6, 1000, 500),
(767, 'Rallis the Star Bird', 1, 3, 19, 5, 800, 800),
(768, 'Stealth Bird', 1, 3, 19, 6, 700, 1700),
(769, 'Transforming Sphere', 1, 3, 19, 5, 100, 100),
(770, 'Bi\'an, Earth of the Yang Zing', 1, 3, 20, 2, 1600, 0),
(771, 'Unmasked Dragon', 1, 3, 20, 4, 1400, 1100),
(772, 'Burning Skull Head', 1, 3, 21, 4, 1000, 800),
(773, 'Chopman the Desperate Outlaw', 1, 3, 21, 6, 1100, 500),
(774, 'Des Lacooda', 1, 3, 21, 2, 500, 600),
(775, 'Ghostrick Skeleton', 1, 3, 21, 6, 1200, 1100),
(776, 'Ghostrick Stein', 1, 3, 21, 6, 1600, 0),
(777, 'Ghostrick Warwolf', 1, 3, 21, 6, 1400, 1500),
(778, 'Ghostrick Yeti', 1, 3, 21, 6, 300, 2000),
(779, 'Humpty Grumpty', 1, 3, 21, 6, 1400, 0),
(780, 'Plague Wolf', 1, 3, 21, 6, 1000, 1000),
(781, 'Pumprincess the Princess of Ghosts', 1, 3, 21, 6, 900, 1000),
(782, 'Soul-Absorbing Bone Tower', 1, 3, 21, 6, 400, 1500),
(783, 'Spirit Reaper', 1, 3, 21, 6, 300, 200),
(784, 'The Lady in Wight', 1, 3, 21, 6, 0, 2200),
(785, 'Vampire Baby', 1, 3, 21, 6, 700, 1000),
(786, 'Abyss Soldier', 1, 4, 1, 1, 1800, 1300),
(787, 'Aqua Spirit', 1, 4, 1, 1, 1600, 1200),
(788, 'Barrier Statue of the Torrent', 1, 4, 1, 1, 1000, 1000),
(789, 'Cold Enchanter', 1, 4, 1, 1, 1600, 1200),
(790, 'Escher the Frost Vassal', 1, 4, 1, 1, 800, 1000),
(791, 'Evilswarm Ketos', 1, 4, 1, 6, 1750, 1050),
(792, 'Gishki Marker', 1, 4, 1, 1, 1600, 1200),
(793, 'Gishki Mollusk', 1, 4, 1, 1, 1700, 900),
(794, 'Gora Turtle of Illusion', 1, 4, 1, 1, 1200, 1400),
(795, 'Koa\'ki Meiru Ice', 1, 4, 1, 1, 1900, 1200),
(796, 'Maiden of the Aqua', 1, 4, 1, 1, 700, 2000),
(797, 'Mermaid Knight', 1, 4, 1, 1, 1500, 700),
(798, 'Performapal Stamp Turtle', 1, 4, 1, 1, 100, 1800),
(799, 'Revival Jam', 1, 4, 1, 1, 1500, 500),
(800, 'Spiritual Beast Pettlephin', 1, 4, 1, 5, 0, 2000),
(801, 'Tribe-Infecting Virus', 1, 4, 1, 1, 1600, 1000),
(802, 'Uminotaurus', 1, 4, 1, 1, 1700, 1000),
(803, 'Warrior of Atlantis', 1, 4, 1, 1, 1900, 1200),
(804, 'Yado Karu', 1, 4, 1, 1, 900, 1700),
(805, 'ZW - Ultimate Shield', 1, 4, 1, 2, 0, 2000),
(806, 'Amazoness Tiger', 1, 4, 2, 2, 1100, 1500),
(807, 'Ape Fighter', 1, 4, 2, 6, 1900, 1200),
(808, 'Assault Dog', 1, 4, 2, 2, 1200, 800),
(809, 'Bazoo the Soul-Eater', 1, 4, 2, 2, 1600, 900),
(810, 'Beast Striker', 1, 4, 2, 2, 1850, 400),
(811, 'Berserk Gorilla', 1, 4, 2, 2, 2000, 1000),
(812, 'Bicorn Re\'em', 1, 4, 2, 6, 800, 1600),
(813, 'Bujingi Boar', 1, 4, 2, 3, 1100, 1900),
(814, 'Bujingi Centipede', 1, 4, 2, 3, 1700, 500),
(815, 'Bujingi Fox', 1, 4, 2, 3, 200, 2100),
(816, 'Bujingi Hare', 1, 4, 2, 3, 1700, 500),
(817, 'Bujingi Quilin', 1, 4, 2, 3, 1600, 900),
(818, 'Bujingi Sinyou', 1, 4, 2, 3, 1500, 1000),
(819, 'Bujingi Turtle', 1, 4, 2, 3, 1700, 1200),
(820, 'Bujingi Wolf', 1, 4, 2, 3, 1100, 2000),
(821, 'Buster Gundil the Cubic Behemoth', 1, 4, 2, 3, 0, 0),
(822, 'Crystal Beast Amber Mammoth', 1, 4, 2, 2, 1700, 1600),
(823, 'Crystal Beast Sapphire Pegasus', 1, 4, 2, 5, 1800, 1200),
(824, 'Crystal Beast Topaz Tiger', 1, 4, 2, 2, 1600, 1000),
(825, 'Dark Zebra', 1, 4, 2, 2, 1800, 400),
(826, 'Dynatherium', 1, 4, 2, 5, 1600, 600),
(827, 'Fenrir', 1, 4, 2, 1, 1400, 1200),
(828, 'Flame Tiger', 1, 4, 2, 4, 1800, 0),
(829, 'Flamvell Firedog', 1, 4, 2, 4, 1900, 200),
(830, 'Gishki Beast', 1, 4, 2, 1, 1500, 1300),
(831, 'Gladiator Beast Dimacari', 1, 4, 2, 2, 1600, 1200),
(832, 'Gladiator Beast Tygerius', 1, 4, 2, 2, 1800, 800),
(833, 'Heraldic Beast Basilisk', 1, 4, 2, 2, 1000, 1400),
(834, 'Heraldic Beast Unicorn', 1, 4, 2, 3, 1100, 1600),
(835, 'Hypnocorn', 1, 4, 2, 6, 1400, 600),
(836, 'Maji-Gire Panda', 1, 4, 2, 2, 1000, 800),
(837, 'Nefarious Archfiend Eater of Nefariousness', 1, 4, 2, 2, 1500, 200),
(838, 'Pandemonium Watchbear', 1, 4, 2, 6, 1300, 1800),
(839, 'Performapal Secondonkey', 1, 4, 2, 2, 1000, 2000),
(840, 'Regulus', 1, 4, 2, 3, 1700, 1000),
(841, 'Rescue Cat', 1, 4, 2, 2, 300, 100),
(842, 'Scrap Chimera', 1, 4, 2, 2, 1700, 500),
(843, 'Sunlight Unicorn', 1, 4, 2, 3, 1800, 1000),
(844, 'SZW - Fenrir Sword', 1, 4, 2, 3, 1800, 1100),
(845, 'T.G. Rush Rhino', 1, 4, 2, 2, 1600, 800),
(846, 'The Fabled Kokkator', 1, 4, 2, 3, 1700, 1500),
(847, 'The Trojan Horse', 1, 4, 2, 2, 1600, 1200),
(848, 'Thousand Needles', 1, 4, 2, 2, 1000, 1800),
(849, 'Vampire Koala', 1, 4, 2, 2, 1800, 1500),
(850, 'Voltic Kong', 1, 4, 2, 3, 1800, 1000),
(851, 'XX-Saber Garsem', 1, 4, 2, 2, 1400, 400),
(852, 'ZW - Sleipnir Mail', 1, 4, 2, 3, 1000, 1000),
(853, 'ZW - Unicorn Spear', 1, 4, 2, 3, 1900, 0),
(854, 'Assault Beast', 1, 4, 3, 2, 1900, 1200),
(855, 'Boar Soldier', 1, 4, 3, 2, 2000, 500),
(856, 'Brotherhood of the Fire Fist - Bear', 1, 4, 3, 4, 1600, 1200),
(857, 'Brotherhood of the Fire Fist - Dragon', 1, 4, 3, 4, 1800, 400),
(858, 'Brotherhood of the Fire Fist - Gorilla', 1, 4, 3, 4, 1600, 1000),
(859, 'Brotherhood of the Fire Fist - Rhino', 1, 4, 3, 4, 1700, 1400),
(860, 'Brotherhood of the Fire Fist - Snake', 1, 4, 3, 4, 1800, 600),
(861, 'Bujin Arasuda', 1, 4, 3, 3, 1600, 1900),
(862, 'Bujin Hirume', 1, 4, 3, 3, 2000, 1000),
(863, 'Bujin Mikazuchi', 1, 4, 3, 3, 1900, 1500),
(864, 'Bujin Yamato', 1, 4, 3, 3, 1800, 200),
(865, 'Chiron the Mage', 1, 4, 3, 2, 1800, 1000),
(866, 'Coach Soldier Wolfbark', 1, 4, 3, 4, 1600, 1200),
(867, 'Constellar Kaus', 1, 4, 3, 3, 1800, 700),
(868, 'Enraged Battle Ox', 1, 4, 3, 2, 1700, 1000),
(869, 'Exarion Universe', 1, 4, 3, 6, 1800, 1900),
(870, 'Fire King Avatar Barong', 1, 4, 3, 4, 1800, 200),
(871, 'Fire King Avatar Yaksha', 1, 4, 3, 4, 1800, 200),
(872, 'Gladiator Beast Darius', 1, 4, 3, 2, 1700, 300),
(873, 'Gladiator Beast Laquari', 1, 4, 3, 4, 1800, 400),
(874, 'Goblin Black Ops', 1, 4, 3, 6, 1300, 0),
(875, 'Goblin Marauding Squad', 1, 4, 3, 2, 1900, 0),
(876, 'Hunter of Black Feathers', 1, 4, 3, 3, 1700, 1000),
(877, 'Koa\'ki Meiru Crusader', 1, 4, 3, 2, 1900, 1300),
(878, 'Koa\'ki Meiru Urnight', 1, 4, 3, 2, 2000, 1500),
(879, 'Lady Panther', 1, 4, 3, 2, 1400, 1300),
(880, 'Lunalight Blue Cat', 1, 4, 3, 6, 1600, 1200),
(881, 'Lunalight Kaleido Chick', 1, 4, 3, 6, 1400, 800),
(882, 'Man-Thro\' Tro\'', 1, 4, 3, 2, 1000, 1000),
(883, 'Mother Grizzly', 1, 4, 3, 1, 1400, 1000),
(884, 'Panther Warrior', 1, 4, 3, 2, 2000, 1600),
(885, 'Performapal Salutiger', 1, 4, 3, 2, 1700, 500),
(886, 'Performapal Uni', 1, 4, 3, 3, 800, 1500),
(887, 'Phantom Beast Cross-Wing', 1, 4, 3, 3, 1300, 1300),
(888, 'Phantom Beast Thunder-Pegasus', 1, 4, 3, 3, 700, 2000),
(889, 'Phantom Beast Wild-Horn', 1, 4, 3, 2, 1700, 0),
(890, 'Pitch-Black Warwolf', 1, 4, 3, 6, 1600, 600),
(891, 'Reborn Tengu', 1, 4, 3, 5, 1700, 600),
(892, 'Vivid Knight', 1, 4, 3, 3, 1700, 800),
(893, 'Winged Rhynos', 1, 4, 3, 5, 1800, 500),
(894, 'Wulf, Lightsworn Beast', 1, 4, 3, 3, 2100, 300),
(895, 'X-Saber Uruz', 1, 4, 3, 2, 1600, 1000),
(896, 'XX-Saber Boggart Knight', 1, 4, 3, 2, 1900, 1000),
(897, 'Yosenju Kama 1', 1, 4, 3, 5, 1600, 500),
(898, 'Yosenju Kama 3', 1, 4, 3, 5, 1500, 800),
(899, 'Yosenju Tsujik', 1, 4, 3, 5, 1000, 0),
(900, 'Zoodiac Bunnyblast', 1, 4, 3, 2, 800, 800),
(901, 'Zoodiac Ramram', 1, 4, 3, 2, 400, 2000),
(902, 'Zoodiac Ratpier', 1, 4, 3, 2, 0, 0),
(903, 'Zoodiac Thoroughblade', 1, 4, 3, 2, 1600, 0),
(904, 'Zoodiac Whiptail', 1, 4, 3, 2, 1200, 400),
(905, 'Black Brachios', 1, 4, 22, 2, 1800, 1100),
(906, 'Black Stego', 1, 4, 22, 2, 1200, 2000),
(907, 'Black Veloci', 1, 4, 22, 2, 1800, 300),
(908, 'Evilswarm Salamandra', 1, 4, 22, 6, 1850, 950),
(909, 'Evolsaur Cerato', 1, 4, 22, 4, 1900, 1400),
(910, 'Evolsaur Diplo', 1, 4, 22, 4, 1600, 800),
(911, 'Evolsaur Pelta', 1, 4, 22, 4, 1100, 2000),
(912, 'Evolsaur Vulcano', 1, 4, 22, 4, 1200, 1000),
(913, 'Hydrogeddon', 1, 4, 22, 1, 1600, 1000),
(914, 'Hyper Hammerhead', 1, 4, 22, 2, 1500, 1200),
(915, 'Jurrac Guaiba', 1, 4, 22, 4, 1700, 400),
(916, 'Jurrac Iguanon', 1, 4, 22, 4, 1700, 700),
(917, 'Jurrac Protops', 1, 4, 22, 4, 1700, 1200),
(918, 'Jurrac Velo', 1, 4, 22, 4, 1700, 1000),
(919, 'Miracle Jurassic Egg', 1, 4, 22, 2, 0, 2000),
(920, 'Miscellaneousaurus', 1, 4, 22, 4, 1800, 1000),
(921, 'Oxygeddon', 1, 4, 22, 5, 1800, 800),
(922, 'Souleating Oviraptor', 1, 4, 22, 6, 1800, 500),
(923, 'Ancient Dragon', 1, 4, 4, 3, 1400, 1300),
(924, 'Assault Wyvern', 1, 4, 4, 3, 1800, 1100),
(925, 'Black Dragon Collapserpent', 1, 4, 4, 6, 1800, 1700),
(926, 'Blizzard Dragon', 1, 4, 4, 1, 1800, 1000),
(927, 'Bright Star Dragon', 1, 4, 4, 3, 1900, 1000),
(928, 'Cave Dragon', 1, 4, 4, 5, 2000, 100),
(929, 'Divine Dragon Apocralyph', 1, 4, 4, 6, 1000, 1500),
(930, 'Dodger Dragon', 1, 4, 4, 5, 1900, 1200),
(931, 'Dragard', 1, 4, 4, 6, 1300, 1900),
(932, 'Dwarf Star Dragon Planeter', 1, 4, 4, 3, 1700, 1200),
(933, 'Eclipse Wyvern', 1, 4, 4, 3, 1600, 1000),
(934, 'Element Dragon', 1, 4, 4, 3, 1500, 1200),
(935, 'Evilswarm Zahak', 1, 4, 4, 6, 1850, 850),
(936, 'Flamvell Grunika', 1, 4, 4, 4, 1700, 200),
(937, 'Galaxy Dragon', 1, 4, 4, 3, 2000, 1200),
(938, 'Golem Dragon', 1, 4, 4, 2, 200, 2000),
(939, 'Hardened Armed Dragon', 1, 4, 4, 2, 1500, 800),
(940, 'Harpie\'s Pet Baby Dragon', 1, 4, 4, 5, 1200, 600),
(941, 'Heliosphere Dragon', 1, 4, 4, 3, 0, 1900),
(942, 'Heraldic Beast Aberconway', 1, 4, 4, 5, 1800, 900),
(943, 'Heraldic Beast Amphisbaena', 1, 4, 4, 5, 1700, 1100),
(944, 'Hieratic Dragon of Nuit', 1, 4, 4, 3, 1700, 900),
(945, 'Horus the Black Flame Dragon LV4', 1, 4, 4, 4, 1600, 1000),
(946, 'Infernal Dragon', 1, 4, 4, 6, 2000, 0),
(947, 'Keeper of the Shrine', 1, 4, 4, 6, 0, 2100),
(948, 'Koa\'ki Meiru Drago', 1, 4, 4, 5, 1900, 1600),
(949, 'Lancer Dragonute', 1, 4, 4, 6, 1500, 1800),
(950, 'Lancer Lindwurm', 1, 4, 4, 5, 1800, 1200),
(951, 'Lava Dragon', 1, 4, 4, 4, 1600, 1200),
(952, 'Mirage Dragon', 1, 4, 4, 3, 1600, 600),
(953, 'Mythic Tree Dragon', 1, 4, 4, 2, 100, 1400),
(954, 'Powered Tuner', 1, 4, 4, 1, 1400, 1000),
(955, 'Radius, the Half-Moon Dragon', 1, 4, 4, 3, 1400, 1200),
(956, 'Rare Metal Dragon', 1, 4, 4, 6, 2400, 1200),
(957, 'Red-Eyes Retro Dragon', 1, 4, 4, 6, 1700, 1600),
(958, 'Red-Eyes Wyvern', 1, 4, 4, 5, 1800, 1600),
(959, 'Snow Dragon', 1, 4, 4, 1, 1400, 900),
(960, 'Spear Dragon', 1, 4, 4, 5, 1900, 0),
(961, 'Spirit Ryu', 1, 4, 4, 5, 1000, 1000),
(962, 'Stream, Dragon Ruler of Droplets', 1, 4, 4, 1, 1600, 2000),
(963, 'Vanguard of the Dragon', 1, 4, 4, 2, 1700, 1300),
(964, 'Absorbing Kid from the Sky', 1, 4, 5, 3, 1300, 1000),
(965, 'Agido', 1, 4, 5, 2, 1500, 1300),
(966, 'Arcana Force I - The Magician', 1, 4, 5, 3, 1100, 1100),
(967, 'Arcana Force III - The Empress', 1, 4, 5, 3, 1300, 1300),
(968, 'Arcana Force IV - The Emperor', 1, 4, 5, 3, 1400, 1400),
(969, 'Arcana Force VII - The Chariot', 1, 4, 5, 3, 1700, 1700),
(970, 'Aria the Melodious Diva', 1, 4, 5, 3, 1600, 1200),
(971, 'Aurora Paragon', 1, 4, 5, 3, 1500, 1000),
(972, 'Barrier Statue of the Heavens', 1, 4, 5, 3, 1000, 1000),
(973, 'Bountiful Artemis', 1, 4, 5, 3, 1600, 1700),
(974, 'Canon the Melodious Diva', 1, 4, 5, 3, 1400, 2000),
(975, 'Cloudian - Acid Cloud', 1, 4, 5, 1, 500, 0),
(976, 'Cloudian - Cirrostratus', 1, 4, 5, 1, 900, 0),
(977, 'Cloudian - Storm Dragon', 1, 4, 5, 1, 1000, 0),
(978, 'Cloudian - Turbulence', 1, 4, 5, 1, 800, 0),
(979, 'Condemned Maiden', 1, 4, 5, 3, 100, 2000),
(980, 'Darklord Nurse Reficule', 1, 4, 5, 6, 1400, 600),
(981, 'Dimensional Alchemist', 1, 4, 5, 3, 1300, 200),
(982, 'Fluffal Dog', 1, 4, 5, 2, 1700, 1000),
(983, 'Fluffal Leo', 1, 4, 5, 2, 1600, 1200),
(984, 'Fluffal Penguin', 1, 4, 5, 1, 1600, 1100),
(985, 'Gellenduo', 1, 4, 5, 3, 1700, 0),
(986, 'Goddess with the Third Eye', 1, 4, 5, 3, 1200, 1000),
(987, 'Hecatrice', 1, 4, 5, 3, 1500, 1100),
(988, 'Honest', 1, 4, 5, 3, 1100, 1900),
(989, 'Hourglass of Courage', 1, 4, 5, 3, 1100, 1200),
(990, 'Hysteric Fairy', 1, 4, 5, 3, 1800, 500),
(991, 'Indiora Doom Volt the Cubic Emperor', 1, 4, 5, 3, 0, 0),
(992, 'Kelbek', 1, 4, 5, 2, 1500, 1800),
(993, 'Layard the Liberator', 1, 4, 5, 3, 1400, 1500),
(994, 'Light Effigy', 1, 4, 5, 3, 1500, 0),
(995, 'Madolche Anjelly', 1, 4, 5, 2, 1000, 1000),
(996, 'Majestic Mech - Senku', 1, 4, 5, 3, 1000, 500),
(997, 'Meltiel, Sage of the Sky', 1, 4, 5, 3, 1600, 1200),
(998, 'Nova Summoner', 1, 4, 5, 3, 1400, 800),
(999, 'Opera the Melodious Diva', 1, 4, 5, 3, 2300, 1000),
(1000, 'Ra\'s Disciple', 1, 4, 5, 3, 1100, 600),
(1001, 'Senju of the Thousand Hands', 1, 4, 5, 3, 1400, 1000),
(1002, 'Serenade the Melodious Diva', 1, 4, 5, 3, 400, 1900),
(1003, 'Silent Paladin', 1, 4, 5, 3, 500, 1500),
(1004, 'Silpheed', 1, 4, 5, 5, 1700, 700),
(1005, 'Solo the Melodious Songstress', 1, 4, 5, 3, 1600, 1000),
(1006, 'Soprano the Melodious Songstress', 1, 4, 5, 3, 1400, 1400),
(1007, 'Spirit of the Fall Wind', 1, 4, 5, 5, 1800, 900),
(1008, 'Star Seraph Sage', 1, 4, 5, 3, 1600, 1400),
(1009, 'Star Seraph Scale', 1, 4, 5, 3, 1500, 900),
(1010, 'Star Seraph Scepter', 1, 4, 5, 3, 1800, 400),
(1011, 'Star Seraph Scout', 1, 4, 5, 3, 1200, 1800),
(1012, 'Star Seraph Sword', 1, 4, 5, 3, 1400, 1000),
(1013, 'The Agent of Miracles - Jupiter', 1, 4, 5, 3, 1800, 1000),
(1014, 'The Agent of Wisdom - Mercury', 1, 4, 5, 3, 0, 1700);
INSERT INTO `cards` (`id`, `name`, `type_id`, `level`, `race_id`, `attribute_id`, `atk`, `def`) VALUES
(1015, 'Victoria', 1, 4, 5, 3, 1800, 1500),
(1016, 'Vylon Charger', 1, 4, 5, 3, 1000, 1000),
(1017, 'Vylon Hept', 1, 4, 5, 3, 1800, 800),
(1018, 'Vylon Ohm', 1, 4, 5, 3, 1500, 200),
(1019, 'Vylon Soldier', 1, 4, 5, 3, 1700, 1000),
(1020, 'Vylon Stigma', 1, 4, 5, 3, 1600, 1000),
(1021, 'Whirlwind Prodigy', 1, 4, 5, 5, 1500, 1600),
(1022, 'Zeradias, Herald of Heaven', 1, 4, 5, 3, 2100, 800),
(1023, 'Zolga', 1, 4, 5, 2, 1700, 1200),
(1024, 'ZW - Asura Strike', 1, 4, 5, 4, 1000, 1000),
(1025, 'Abaki', 1, 4, 6, 4, 1700, 1100),
(1026, 'Archfiend General', 1, 4, 6, 6, 2100, 800),
(1027, 'Archfiend Interceptor', 1, 4, 6, 6, 1400, 1600),
(1028, 'Barrier Statue of the Abyss', 1, 4, 6, 6, 1000, 1000),
(1029, 'Beiige, Vanguard of Dark World', 1, 4, 6, 6, 1600, 1300),
(1030, 'Brron, Mad King of Dark World', 1, 4, 6, 6, 1800, 400),
(1031, 'Card Guard', 1, 4, 6, 6, 1600, 500),
(1032, 'Coach Goblin', 1, 4, 6, 2, 1200, 1500),
(1033, 'Cyber Archfiend', 1, 4, 6, 6, 1000, 2000),
(1034, 'Dark Hunter', 1, 4, 6, 6, 1600, 400),
(1035, 'Dino-Sewing', 1, 4, 6, 2, 0, 0),
(1036, 'Diskblade Rider', 1, 4, 6, 5, 1700, 1500),
(1037, 'Djinn Cursenchanter of Rituals', 1, 4, 6, 6, 1700, 1000),
(1038, 'Djinn Presider of Rituals', 1, 4, 6, 6, 1800, 1400),
(1039, 'Doomsday Horror', 1, 4, 6, 6, 0, 0),
(1040, 'Earthbound Linewalker', 1, 4, 6, 6, 1200, 1900),
(1041, 'Edge Imp Chain', 1, 4, 6, 6, 1200, 1800),
(1042, 'Edge Imp Frightfuloid', 1, 4, 6, 6, 1300, 1300),
(1043, 'Element Doom', 1, 4, 6, 6, 1500, 1200),
(1044, 'Element Soldier', 1, 4, 6, 6, 1500, 1200),
(1045, 'Emissary of the Afterlife', 1, 4, 6, 6, 1600, 600),
(1046, 'Emperor Sem', 1, 4, 6, 3, 1300, 2200),
(1047, 'Fabled Ashenveil', 1, 4, 6, 3, 1600, 1200),
(1048, 'Fabled Gallabas', 1, 4, 6, 3, 1500, 800),
(1049, 'Fabled Grimro', 1, 4, 6, 3, 1700, 1000),
(1050, 'Fabled Urustos', 1, 4, 6, 3, 1500, 200),
(1051, 'Gash the Dust Lord', 1, 4, 6, 6, 1000, 1200),
(1052, 'Gemini Imps', 1, 4, 6, 6, 1000, 1000),
(1053, 'Giant Kozaky', 1, 4, 6, 6, 2500, 2400),
(1054, 'Giant Orc', 1, 4, 6, 6, 2200, 0),
(1055, 'Goblin of Greed', 1, 4, 6, 2, 1000, 1800),
(1056, 'Grave Protector', 1, 4, 6, 6, 0, 2000),
(1057, 'Guardian Baou', 1, 4, 6, 6, 800, 400),
(1058, 'Hand-Holding Genie', 1, 4, 6, 6, 1000, 1600),
(1059, 'Holding Arms', 1, 4, 6, 6, 500, 1200),
(1060, 'Holding Legs', 1, 4, 6, 6, 800, 600),
(1061, 'Infernalqueen Archfiend', 1, 4, 6, 4, 900, 1500),
(1062, 'Infernity Guardian', 1, 4, 6, 6, 1200, 1700),
(1063, 'Infernity Patriarch', 1, 4, 6, 6, 1000, 2000),
(1064, 'Juragedo', 1, 4, 6, 6, 1700, 1300),
(1065, 'Malice Doll of Demise', 1, 4, 6, 6, 1600, 1700),
(1066, 'Newdoria', 1, 4, 6, 6, 1200, 800),
(1067, 'Nuvia the Wicked', 1, 4, 6, 6, 2000, 800),
(1068, 'Phantom of Chaos', 1, 4, 6, 6, 0, 0),
(1069, 'Phantom Skyblaster', 1, 4, 6, 6, 1100, 800),
(1070, 'Protector of the Sanctuary', 1, 4, 6, 2, 1100, 1900),
(1071, 'Red Gardna', 1, 4, 6, 4, 0, 2000),
(1072, 'Red Sprinter', 1, 4, 6, 4, 1700, 1200),
(1073, 'Scrounging Goblin', 1, 4, 6, 2, 1000, 2000),
(1074, 'Shadowknight Archfiend', 1, 4, 6, 5, 2000, 1600),
(1075, 'Shadowslayer', 1, 4, 6, 6, 1400, 200),
(1076, 'Skull Meister', 1, 4, 6, 6, 1700, 400),
(1077, 'Snoww, Unlight of Dark World', 1, 4, 6, 6, 1700, 0),
(1078, 'Steelswarm Caller', 1, 4, 6, 6, 1700, 0),
(1079, 'Steelswarm Gatekeeper', 1, 4, 6, 6, 1500, 1900),
(1080, 'Steelswarm Sting', 1, 4, 6, 6, 1850, 0),
(1081, 'Stygian Street Patrol', 1, 4, 6, 6, 1600, 1200),
(1082, 'Tardy Orc', 1, 4, 6, 6, 2200, 0),
(1083, 'Terrorking Archfiend', 1, 4, 6, 6, 2000, 1500),
(1084, 'The Bistro Butcher', 1, 4, 6, 6, 1800, 1000),
(1085, 'Theban Nightmare', 1, 4, 6, 3, 1500, 500),
(1086, 'Umbral Horror Ghoul', 1, 4, 6, 6, 1800, 0),
(1087, 'Umbral Horror Unform', 1, 4, 6, 6, 0, 0),
(1088, 'Vice Berserker', 1, 4, 6, 6, 1000, 1000),
(1089, 'Viser Des', 1, 4, 6, 6, 500, 1200),
(1090, 'Wall of Illusion', 1, 4, 6, 6, 1000, 1850),
(1091, 'Abyssal Kingshark', 1, 4, 7, 1, 1700, 600),
(1092, 'Cure Mermaid', 1, 4, 7, 1, 1500, 800),
(1093, 'Deep Sweeper', 1, 4, 7, 1, 1600, 1300),
(1094, 'Double Shark', 1, 4, 7, 1, 1200, 1600),
(1095, 'Fishborg Doctor', 1, 4, 7, 1, 400, 400),
(1096, 'Golden Flying Fish', 1, 4, 7, 3, 1700, 1000),
(1097, 'Hammer Shark', 1, 4, 7, 1, 1700, 1500),
(1098, 'Mermail Abyssmander', 1, 4, 7, 1, 100, 2000),
(1099, 'Mermail Abyssnose', 1, 4, 7, 1, 1500, 1500),
(1100, 'Mermail Abysspike', 1, 4, 7, 1, 1600, 800),
(1101, 'Mermail Abyssturge', 1, 4, 7, 1, 1700, 1100),
(1102, 'Metabo-Shark', 1, 4, 7, 1, 1800, 500),
(1103, 'Piercing Moray', 1, 4, 7, 1, 1500, 500),
(1104, 'Saber Shark', 1, 4, 7, 1, 1600, 1200),
(1105, 'Scrap Shark', 1, 4, 7, 2, 2100, 0),
(1106, 'Shocktopus', 1, 4, 7, 1, 1600, 800),
(1107, 'Silent Angler', 1, 4, 7, 1, 800, 1400),
(1108, 'Silent Wobby', 1, 4, 7, 1, 1000, 2000),
(1109, 'Spear Shark', 1, 4, 7, 1, 1600, 1400),
(1110, 'Wind-Up Shark', 1, 4, 7, 1, 1500, 1300),
(1111, 'Xyz Remora', 1, 4, 7, 1, 800, 800),
(1112, 'Aztekipede, the Worm Warrior', 1, 4, 8, 2, 1900, 400),
(1113, 'Beetron', 1, 4, 8, 6, 1600, 900),
(1114, 'Chainsaw Insect', 1, 4, 8, 2, 2400, 0),
(1115, 'Cross-Sword Beetle', 1, 4, 8, 5, 1800, 1200),
(1116, 'Desert Protector', 1, 4, 8, 2, 800, 1000),
(1117, 'Ground Spider', 1, 4, 8, 2, 0, 1500),
(1118, 'Informer Spider', 1, 4, 8, 2, 500, 1800),
(1119, 'Inzektor Earwig', 1, 4, 8, 6, 1000, 1000),
(1120, 'Inzektor Hopper', 1, 4, 8, 6, 1700, 1400),
(1121, 'Koa\'ki Meiru Beetle', 1, 4, 8, 2, 1900, 1500),
(1122, 'Moonlit Papillon', 1, 4, 8, 3, 1200, 1600),
(1123, 'Naturia Beetle', 1, 4, 8, 2, 400, 1800),
(1124, 'Naturia Dragonfly', 1, 4, 8, 2, 1200, 400),
(1125, 'Naturia Mantis', 1, 4, 8, 2, 1700, 1500),
(1126, 'Naturia Spiderfang', 1, 4, 8, 2, 2100, 400),
(1127, 'Performapal Bowhopper', 1, 4, 8, 2, 1500, 1000),
(1128, 'Performapal Skeeter Skimmer', 1, 4, 8, 1, 500, 1600),
(1129, 'Performapal Teeter Totter Hopper', 1, 4, 8, 2, 100, 1200),
(1130, 'Pinch Hopper', 1, 4, 8, 2, 1000, 1200),
(1131, 'Shield Worm', 1, 4, 8, 2, 800, 2000),
(1132, 'Skull-Mark Ladybug', 1, 4, 8, 2, 500, 1500),
(1133, 'Spyder Spider', 1, 4, 8, 2, 1500, 1000),
(1134, 'Traptrix Atrax', 1, 4, 8, 2, 1800, 1000),
(1135, 'Ally of Justice Garadholg', 1, 4, 9, 6, 1600, 400),
(1136, 'Ally of Justice Nullfier', 1, 4, 9, 6, 1600, 1200),
(1137, 'Ally of Justice Quarantine', 1, 4, 9, 6, 1700, 1200),
(1138, 'Ally of Justice Reverse Break', 1, 4, 9, 6, 1200, 1200),
(1139, 'Ally of Justice Thousand Arms', 1, 4, 9, 6, 1700, 0),
(1140, 'Amphibious Bugroth MK-3', 1, 4, 9, 1, 1500, 1300),
(1141, 'Ancient Gear Box', 1, 4, 9, 2, 500, 2000),
(1142, 'Ancient Gear Gadget', 1, 4, 9, 2, 500, 2000),
(1143, 'Ancient Gear Soldier', 1, 4, 9, 2, 1300, 1300),
(1144, 'Ancient Gear Wyvern', 1, 4, 9, 2, 1700, 1200),
(1145, 'Aye-Iron', 1, 4, 9, 2, 1600, 1800),
(1146, 'Biofalcon', 1, 4, 9, 3, 1700, 1200),
(1147, 'Blast Sphere', 1, 4, 9, 6, 1400, 1400),
(1148, 'Blue Thunder T-45', 1, 4, 9, 3, 1700, 1000),
(1149, 'Boot-Up Soldier - Dread Dynamo', 1, 4, 9, 2, 0, 2000),
(1150, 'Cannon Soldier', 1, 4, 9, 6, 1400, 1300),
(1151, 'Carrierroid', 1, 4, 9, 1, 1000, 800),
(1152, 'Chronomaly Golden Jet', 1, 4, 9, 3, 1300, 1400),
(1153, 'Chronomaly Nebra Disk', 1, 4, 9, 3, 1800, 1500),
(1154, 'Cipher Twin Raptor', 1, 4, 9, 3, 1600, 800),
(1155, 'Commander Covington', 1, 4, 9, 2, 1000, 600),
(1156, 'Constellar Acubens', 1, 4, 9, 3, 800, 2000),
(1157, 'Crystron Rosenix', 1, 4, 9, 1, 1800, 1000),
(1158, 'Cyber Dragon Drei', 1, 4, 9, 3, 1800, 800),
(1159, 'Cyber Dragon Zwei', 1, 4, 9, 3, 1500, 1000),
(1160, 'Cyber Phoenix', 1, 4, 9, 4, 1200, 1600),
(1161, 'Cyber Raider', 1, 4, 9, 6, 1400, 1000),
(1162, 'Cyberdark Edge', 1, 4, 9, 6, 800, 800),
(1163, 'Cyberdark Horn', 1, 4, 9, 6, 800, 800),
(1164, 'Cyberdark Keel', 1, 4, 9, 6, 800, 800),
(1165, 'Dark Catapulter', 1, 4, 9, 2, 1000, 1500),
(1166, 'Delta Tri', 1, 4, 9, 3, 1200, 1000),
(1167, 'Deskbot 004', 1, 4, 9, 2, 500, 500),
(1168, 'Dicelops', 1, 4, 9, 4, 1800, 200),
(1169, 'Dimension Fortress Weapon', 1, 4, 9, 6, 1700, 200),
(1170, 'Dododo Bot', 1, 4, 9, 2, 1800, 1900),
(1171, 'Drillroid', 1, 4, 9, 2, 1600, 1600),
(1172, 'Electromagnetic Turtle', 1, 4, 9, 3, 0, 1800),
(1173, 'Express Train Trolley Olley', 1, 4, 9, 2, 1800, 1000),
(1174, 'Expressroid', 1, 4, 9, 2, 400, 1600),
(1175, 'Frontline Observer', 1, 4, 9, 2, 1000, 1500),
(1176, 'Gear Golem the Moving Fortress', 1, 4, 9, 2, 800, 2200),
(1177, 'Geargiaccelerator', 1, 4, 9, 2, 1400, 800),
(1178, 'Geargiarmor', 1, 4, 9, 2, 1100, 1900),
(1179, 'Geargiarsenal', 1, 4, 9, 2, 1500, 500),
(1180, 'Geargiattacker', 1, 4, 9, 2, 1900, 100),
(1181, 'Geargiauger', 1, 4, 9, 2, 500, 500),
(1182, 'Genex Ally Crusher', 1, 4, 9, 6, 1000, 2000),
(1183, 'Genex Ally Duradark', 1, 4, 9, 6, 1800, 200),
(1184, 'Genex Ally Volcannon', 1, 4, 9, 6, 1700, 600),
(1185, 'Genex Neutron', 1, 4, 9, 3, 1800, 1200),
(1186, 'Genex Searcher', 1, 4, 9, 2, 1600, 400),
(1187, 'Genex Turbine', 1, 4, 9, 2, 1400, 1300),
(1188, 'Gimmick Puppet Des Troy', 1, 4, 9, 6, 1200, 2000),
(1189, 'Gimmick Puppet Egg Head', 1, 4, 9, 2, 1600, 1200),
(1190, 'Gimmick Puppet Humpty Dumpty', 1, 4, 9, 6, 0, 100),
(1191, 'Gimmick Puppet Scissor Arms', 1, 4, 9, 6, 1200, 600),
(1192, 'Gold Gadget', 1, 4, 9, 3, 1700, 800),
(1193, 'Green Gadget', 1, 4, 9, 2, 1400, 600),
(1194, 'Healing Wave Generator', 1, 4, 9, 3, 800, 1600),
(1195, 'Helping Robo for Combat', 1, 4, 9, 3, 1600, 0),
(1196, 'Jade Knight', 1, 4, 9, 3, 1000, 1800),
(1197, 'Jetroid', 1, 4, 9, 5, 1200, 1800),
(1198, 'Jinzo - Jector', 1, 4, 9, 6, 800, 2000),
(1199, 'Jumbo Drill', 1, 4, 9, 2, 1800, 100),
(1200, 'KA-2 Des Scissors', 1, 4, 9, 6, 1000, 1000),
(1201, 'Koa\'ki Meiru Powerhand', 1, 4, 9, 2, 2100, 1600),
(1202, 'Lillybot', 1, 4, 9, 3, 500, 2000),
(1203, 'Lionhearted Locomotive', 1, 4, 9, 2, 2400, 2100),
(1204, 'Lord British Space Fighter', 1, 4, 9, 3, 1200, 800),
(1205, 'Machina Sniper', 1, 4, 9, 2, 1800, 800),
(1206, 'Machina Soldier', 1, 4, 9, 2, 1600, 1500),
(1207, 'Mecha Phantom Beast Blackfalcon', 1, 4, 9, 5, 1200, 1700),
(1208, 'Mecha Phantom Beast Harrliard', 1, 4, 9, 5, 1800, 800),
(1209, 'Mecha Phantom Beast Megaraptor', 1, 4, 9, 5, 1900, 1000),
(1210, 'Mecha Phantom Beast Sabre Hawk', 1, 4, 9, 5, 2100, 100),
(1211, 'Mecha Phantom Beast Tetherwolf', 1, 4, 9, 5, 1700, 1200),
(1212, 'Meklord Army of Granel', 1, 4, 9, 2, 1600, 1200),
(1213, 'Meklord Army of Skiel', 1, 4, 9, 5, 1200, 1000),
(1214, 'Meklord Army of Wisel', 1, 4, 9, 6, 1800, 0),
(1215, 'Minefieldriller', 1, 4, 9, 2, 1500, 1500),
(1216, 'Morphtronic Slingen', 1, 4, 9, 5, 1200, 800),
(1217, 'Morphtronic Staplen', 1, 4, 9, 2, 1400, 1000),
(1218, 'Nanobreaker', 1, 4, 9, 2, 1600, 1800),
(1219, 'Orbital 7', 1, 4, 9, 3, 500, 2000),
(1220, 'Patroid', 1, 4, 9, 2, 1200, 1200),
(1221, 'R-Genex Accelerator', 1, 4, 9, 5, 1500, 1900),
(1222, 'R-Genex Turbo', 1, 4, 9, 5, 1500, 1300),
(1223, 'R-Genex Ultimum', 1, 4, 9, 2, 1800, 1400),
(1224, 'Reflect Bounder', 1, 4, 9, 3, 1700, 1000),
(1225, 'Robot Buster Destruction Sword', 1, 4, 9, 6, 1600, 1200),
(1226, 'Roulette Barrel', 1, 4, 9, 3, 1000, 2000),
(1227, 'Ruffian Railcar', 1, 4, 9, 2, 1800, 1000),
(1228, 'Sergeant Electro', 1, 4, 9, 4, 1600, 1300),
(1229, 'Shreddder', 1, 4, 9, 2, 1600, 1000),
(1230, 'Shuttleroid', 1, 4, 9, 5, 1000, 1200),
(1231, 'Silver Gadget', 1, 4, 9, 3, 1500, 1000),
(1232, 'Snowman Creator', 1, 4, 9, 1, 1600, 1000),
(1233, 'Speedroid Double Yoyo', 1, 4, 9, 5, 1400, 1400),
(1234, 'Speedroid Horse Stilts', 1, 4, 9, 5, 1100, 1100),
(1235, 'Speedroid Menko', 1, 4, 9, 5, 100, 2000),
(1236, 'Speedroid Razorang', 1, 4, 9, 5, 2000, 0),
(1237, 'SPYRAL GEAR - Last Resort', 1, 4, 9, 2, 1000, 1000),
(1238, 'Starship Spy Plane', 1, 4, 9, 5, 1100, 500),
(1239, 'Steamroid', 1, 4, 9, 2, 1800, 1800),
(1240, 'Super Defense Robot Lio', 1, 4, 9, 2, 1200, 1600),
(1241, 'Superheavy Samurai Blue Brawler', 1, 4, 9, 2, 0, 2000),
(1242, 'Superheavy Samurai Daihachi', 1, 4, 9, 2, 1200, 1800),
(1243, 'Superheavy Samurai Kabuto', 1, 4, 9, 2, 1000, 2000),
(1244, 'Tin Goldfish', 1, 4, 9, 1, 800, 2000),
(1245, 'Toy Knight', 1, 4, 9, 2, 200, 1200),
(1246, 'Truckroid', 1, 4, 9, 2, 1000, 2000),
(1247, 'Twin-Barrel Dragon', 1, 4, 9, 6, 1700, 200),
(1248, 'UFO Turtle', 1, 4, 9, 4, 1400, 1200),
(1249, 'Victory Viper XX03', 1, 4, 9, 3, 1200, 1000),
(1250, 'Yellow Gadget', 1, 4, 9, 2, 1200, 1200),
(1251, 'Aromage Rosemary', 1, 4, 10, 1, 1800, 700),
(1252, 'Bird of Roses', 1, 4, 10, 5, 1800, 1500),
(1253, 'Botanical Lion', 1, 4, 10, 2, 1600, 2000),
(1254, 'Cactus Bouncer', 1, 4, 10, 2, 1800, 300),
(1255, 'Cactus Fighter', 1, 4, 10, 2, 1900, 400),
(1256, 'Eco, Mystical Spirit of the Forest', 1, 4, 10, 2, 1700, 1000),
(1257, 'Evilswarm Mandragora', 1, 4, 10, 6, 1550, 1450),
(1258, 'Homunculus the Alchemic Being', 1, 4, 10, 3, 1800, 1600),
(1259, 'Koa\'ki Meiru Gravirose', 1, 4, 10, 4, 1900, 1300),
(1260, 'Lekunga', 1, 4, 10, 1, 1700, 500),
(1261, 'Lord Poison', 1, 4, 10, 1, 1500, 1000),
(1262, 'Naturia Strawberry', 1, 4, 10, 2, 1600, 1200),
(1263, 'Naturia White Oak', 1, 4, 10, 2, 1800, 1400),
(1264, 'Papa-Corn', 1, 4, 10, 2, 1200, 800),
(1265, 'Predaplant Moray Nepenthes', 1, 4, 10, 6, 1600, 1000),
(1266, 'Predaplant Spinodionaea', 1, 4, 10, 6, 1800, 0),
(1267, 'Revival Rose', 1, 4, 10, 6, 1300, 1300),
(1268, 'Rose Witch', 1, 4, 10, 2, 1600, 1000),
(1269, 'Sylvan Bladefender', 1, 4, 10, 2, 1900, 700),
(1270, 'Sylvan Flowerknight', 1, 4, 10, 2, 1800, 1000),
(1271, 'Traptrix Dionaea', 1, 4, 10, 2, 1700, 1100),
(1272, 'Traptrix Nepenthes', 1, 4, 10, 2, 800, 2000),
(1273, 'Vampire Orchis', 1, 4, 10, 2, 1700, 1000),
(1274, 'World Carrotweight Champion', 1, 4, 10, 6, 1900, 0),
(1275, 'Destructotron', 1, 4, 11, 2, 1600, 400),
(1276, 'Grapple Blocker', 1, 4, 11, 2, 1200, 2000),
(1277, 'Hypnosister', 1, 4, 11, 5, 1300, 1400),
(1278, 'Kozmo Goodwitch', 1, 4, 11, 3, 1800, 1000),
(1279, 'Musto, Oracle of Gusto', 1, 4, 11, 5, 1800, 900),
(1280, 'Pandaborg', 1, 4, 11, 1, 1700, 1400),
(1281, 'Psi-Blocker', 1, 4, 11, 5, 1200, 300),
(1282, 'Psychic Snail', 1, 4, 11, 2, 1900, 1200),
(1283, 'Risebell the Star Psycher', 1, 4, 11, 5, 1500, 1500),
(1284, 'Silent Psychic Wizard', 1, 4, 11, 2, 1900, 0),
(1285, 'Spiritual Beast Tamer Winda', 1, 4, 11, 5, 1600, 1800),
(1286, 'Barrier Statue of the Inferno', 1, 4, 12, 4, 1000, 1000),
(1287, 'Elemental HERO Lady Heat', 1, 4, 12, 4, 1300, 1000),
(1288, 'Evilswarm O\'lantern', 1, 4, 12, 6, 1650, 1250),
(1289, 'Evilswarm Obliviwisp', 1, 4, 12, 6, 450, 2050),
(1290, 'Fire Hand', 1, 4, 12, 4, 1600, 1000),
(1291, 'Fire Princess', 1, 4, 12, 4, 1300, 1500),
(1292, 'Flame Ruler', 1, 4, 12, 4, 1500, 1600),
(1293, 'Gaia Soul the Combustible Collective', 1, 4, 12, 4, 2000, 0),
(1294, 'Guardian Ceal', 1, 4, 12, 4, 1700, 1400),
(1295, 'Helios - The Primordial Sun', 1, 4, 12, 3, 0, 0),
(1296, 'Inari Fire', 1, 4, 12, 4, 1500, 200),
(1297, 'Inferno', 1, 4, 12, 4, 1100, 1900),
(1298, 'Laval Magma Cannoneer', 1, 4, 12, 4, 1700, 200),
(1299, 'Molten Zombie', 1, 4, 12, 4, 1600, 400),
(1300, 'Prominence Hand', 1, 4, 12, 4, 600, 2000),
(1301, 'Royal Firestorm Guards', 1, 4, 12, 4, 1700, 1200),
(1302, 'Solar Flare Dragon', 1, 4, 12, 4, 1500, 1000),
(1303, 'Spirit of Flames', 1, 4, 12, 4, 1700, 1000),
(1304, 'Tenkabito Shien', 1, 4, 12, 4, 1500, 1000),
(1305, 'Volcanic Rocket', 1, 4, 12, 4, 1900, 1400),
(1306, 'Volcanic Slicer', 1, 4, 12, 4, 1800, 1200),
(1307, 'Alien Hunter', 1, 4, 13, 1, 1600, 800),
(1308, 'Alien Kid', 1, 4, 13, 3, 1600, 700),
(1309, 'Alien Skull', 1, 4, 13, 5, 1600, 1800),
(1310, 'Balloon Lizard', 1, 4, 13, 2, 500, 1900),
(1311, 'Gentlemander', 1, 4, 13, 3, 1200, 1000),
(1312, 'Granadora', 1, 4, 13, 1, 1900, 700),
(1313, 'Hydra Viper', 1, 4, 13, 1, 1800, 400),
(1314, 'Jigabyte', 1, 4, 13, 1, 1500, 200),
(1315, 'Lion Alligator', 1, 4, 13, 1, 1900, 200),
(1316, 'Performapal Bot-Eyes Lizard', 1, 4, 13, 2, 1600, 1200),
(1317, 'Reptilianne Gardna', 1, 4, 13, 1, 0, 2000),
(1318, 'Reptilianne Scylla', 1, 4, 13, 6, 1800, 1200),
(1319, 'Serpentine Princess', 1, 4, 13, 1, 1400, 2000),
(1320, 'Skreech', 1, 4, 13, 1, 1500, 400),
(1321, 'Venom Serpent', 1, 4, 13, 6, 1000, 800),
(1322, 'Worm Gulse', 1, 4, 13, 3, 1500, 300),
(1323, 'Worm Rakuyeh', 1, 4, 13, 3, 2100, 1200),
(1324, 'Worm Solid', 1, 4, 13, 3, 1000, 1600),
(1325, 'Worm Tentacles', 1, 4, 13, 3, 1700, 700),
(1326, 'Worm Xex', 1, 4, 13, 3, 1800, 1000),
(1327, 'Worm Yagan', 1, 4, 13, 3, 1000, 1800),
(1328, 'Armor Exe', 1, 4, 14, 3, 2400, 1400),
(1329, 'Barrier Statue of the Drought', 1, 4, 14, 2, 1000, 1000),
(1330, 'Blockman', 1, 4, 14, 2, 1000, 1500),
(1331, 'Chronomaly Cabrera Trebuchet', 1, 4, 14, 2, 0, 1800),
(1332, 'Chronomaly Colossal Head', 1, 4, 14, 2, 800, 1600),
(1333, 'Chronomaly Mud Golem', 1, 4, 14, 2, 1700, 1000),
(1334, 'Delta The Magnet Warrior', 1, 4, 14, 2, 1600, 1400),
(1335, 'Earth Effigy', 1, 4, 14, 2, 100, 2000),
(1336, 'Fossil Dyna Pachycephalo', 1, 4, 14, 2, 1200, 1300),
(1337, 'Fossil Tusker', 1, 4, 14, 2, 1800, 0),
(1338, 'Gate Blocker', 1, 4, 14, 2, 100, 2000),
(1339, 'Gem-Armadillo', 1, 4, 14, 2, 1700, 500),
(1340, 'Gem-Knight Emerald', 1, 4, 14, 2, 1800, 800),
(1341, 'Gigantes', 1, 4, 14, 2, 1900, 1300),
(1342, 'Gladiator Beast Hoplomus', 1, 4, 14, 2, 700, 2100),
(1343, 'Gogogo Aristera & Dexia', 1, 4, 14, 2, 0, 2200),
(1344, 'Gogogo Giant', 1, 4, 14, 2, 2000, 0),
(1345, 'Gogogo Gigas', 1, 4, 14, 2, 0, 2200),
(1346, 'Gogogo Golem', 1, 4, 14, 2, 1800, 1500),
(1347, 'Gogogo Golem - Golden Form', 1, 4, 14, 2, 0, 1500),
(1348, 'Gogogo Goram', 1, 4, 14, 2, 2300, 0),
(1349, 'Golem Sentry', 1, 4, 14, 2, 800, 1800),
(1350, 'Grandram', 1, 4, 14, 2, 0, 1400),
(1351, 'Grave Ohja', 1, 4, 14, 2, 1600, 1500),
(1352, 'Guardian Statue', 1, 4, 14, 2, 800, 1400),
(1353, 'Koa\'ki Meiru Boulder', 1, 4, 14, 2, 1200, 1000),
(1354, 'Koa\'ki Meiru Guardian', 1, 4, 14, 2, 1900, 1200),
(1355, 'Koa\'ki Meiru Overload', 1, 4, 14, 2, 1900, 1200),
(1356, 'Koa\'ki Meiru Prototype', 1, 4, 14, 2, 1800, 1800),
(1357, 'Koa\'ki Meiru Sandman', 1, 4, 14, 2, 1900, 1200),
(1358, 'Koa\'ki Meiru Wall', 1, 4, 14, 2, 1900, 1200),
(1359, 'Lost Guardian', 1, 4, 14, 2, 100, 0),
(1360, 'Medium Piece Golem', 1, 4, 14, 2, 1600, 0),
(1361, 'Moai Interceptor Cannons', 1, 4, 14, 2, 1100, 2000),
(1362, 'Mormolith', 1, 4, 14, 2, 1000, 900),
(1363, 'Naturia Cliff', 1, 4, 14, 2, 1500, 1000),
(1364, 'Rockstone Warrior', 1, 4, 14, 2, 1800, 1600),
(1365, 'Sand Moth', 1, 4, 14, 2, 1000, 2000),
(1366, 'Stone Statue of the Aztecs', 1, 4, 14, 2, 300, 2000),
(1367, 'Tackle Crusader', 1, 4, 14, 2, 1500, 1800),
(1368, 'The Rock Spirit', 1, 4, 14, 2, 1700, 1000),
(1369, 'Triamid Master', 1, 4, 14, 2, 1800, 700),
(1370, 'Armed Sea Hunter', 1, 4, 15, 1, 1800, 400),
(1371, 'Atlantean Dragoons', 1, 4, 15, 1, 1800, 0),
(1372, 'Codarus', 1, 4, 15, 1, 1400, 1200),
(1373, 'Gishki Chain', 1, 4, 15, 1, 1800, 1000),
(1374, 'Gishki Shadow', 1, 4, 15, 1, 1200, 1000),
(1375, 'Guardian Kay\'est', 1, 4, 15, 1, 1000, 1800),
(1376, 'Kaiser Sea Horse', 1, 4, 15, 3, 1700, 1650),
(1377, 'Koa\'ki Meiru Sea Panther', 1, 4, 15, 1, 1900, 1200),
(1378, 'The Dragon Dwelling in the Deep', 1, 4, 15, 1, 1700, 1400),
(1379, 'A Man with Wdjat', 1, 4, 16, 6, 1600, 1600),
(1380, 'Anarchist Monk Ranshin', 1, 4, 16, 2, 1800, 100),
(1381, 'Avalanching Aussa', 1, 4, 16, 2, 800, 1500),
(1382, 'Blast Magician', 1, 4, 16, 4, 1400, 1700),
(1383, 'Blue Dragon Summoner', 1, 4, 16, 5, 1500, 600),
(1384, 'Breaker the Magical Warrior', 1, 4, 16, 6, 1600, 1000),
(1385, 'Catoblepas and the Witch of Fate', 1, 4, 16, 2, 1800, 0),
(1386, 'Charioteer of Prophecy', 1, 4, 16, 5, 1800, 1300),
(1387, 'Chocolate Magician Girl', 1, 4, 16, 1, 1600, 1000),
(1388, 'Constellar Algiedi', 1, 4, 16, 3, 1600, 1400),
(1389, 'Cyborg Doctor', 1, 4, 16, 2, 1500, 1700),
(1390, 'Dance Princess of the Ice Barrier', 1, 4, 16, 1, 1700, 900),
(1391, 'Dance Princess of the Nekroz', 1, 4, 16, 1, 1600, 800),
(1392, 'Dark Elf', 1, 4, 16, 6, 2000, 800),
(1393, 'Defender, the Magical Knight', 1, 4, 16, 3, 1600, 2000),
(1394, 'Doomstar Magician', 1, 4, 16, 6, 1800, 300),
(1395, 'Element Magician', 1, 4, 16, 3, 1500, 1200),
(1396, 'Engraver of the Mark', 1, 4, 16, 6, 1800, 1200),
(1397, 'Evilswarm Kerykeion', 1, 4, 16, 6, 1600, 1550),
(1398, 'Exodia Necross', 1, 4, 16, 6, 1800, 0),
(1399, 'Fairy Tail - Snow', 1, 4, 16, 3, 1850, 1000),
(1400, 'Familiar-Possessed - Aussa', 1, 4, 16, 2, 1850, 1500),
(1401, 'Familiar-Possessed - Dharc', 1, 4, 16, 6, 1850, 1500),
(1402, 'Familiar-Possessed - Eria', 1, 4, 16, 1, 1850, 1500),
(1403, 'Familiar-Possessed - Hiita', 1, 4, 16, 4, 1850, 1500),
(1404, 'Familiar-Possessed - Wynn', 1, 4, 16, 5, 1850, 1500),
(1405, 'Fortune Lady Water', 1, 4, 16, 1, 0, 0),
(1406, 'Gagaga Magician', 1, 4, 16, 6, 1500, 1000),
(1407, 'Gagaga Mancer', 1, 4, 16, 6, 100, 100),
(1408, 'Galaxy Wizard', 1, 4, 16, 3, 0, 1800),
(1409, 'Gambler of Legend', 1, 4, 16, 6, 500, 1400),
(1410, 'Gemini Summoner', 1, 4, 16, 1, 1500, 0),
(1411, 'Genex Blastfan', 1, 4, 16, 5, 1600, 1300),
(1412, 'Gishki Avance', 1, 4, 16, 1, 1500, 800),
(1413, 'Gishki Noellia', 1, 4, 16, 1, 1700, 1000),
(1414, 'Golden Dragon Summoner', 1, 4, 16, 3, 1000, 1000),
(1415, 'Gravekeeper\'s Ambusher', 1, 4, 16, 6, 1700, 0),
(1416, 'Gravekeeper\'s Assailant', 1, 4, 16, 6, 1500, 1500),
(1417, 'Gravekeeper\'s Commandant', 1, 4, 16, 2, 1600, 1500),
(1418, 'Gravekeeper\'s Descendant', 1, 4, 16, 6, 1500, 1200),
(1419, 'Gravekeeper\'s Heretic', 1, 4, 16, 6, 1800, 1500),
(1420, 'Gravekeeper\'s Spear Soldier', 1, 4, 16, 6, 1500, 1000),
(1421, 'Gravekeeper\'s Watcher', 1, 4, 16, 6, 1000, 1000),
(1422, 'Great Sorcerer of the Nekroz', 1, 4, 16, 1, 1500, 800),
(1423, 'Hannibal Necromancer', 1, 4, 16, 6, 1400, 1800),
(1424, 'Herald of Creation', 1, 4, 16, 3, 1800, 600),
(1425, 'Lady of D.', 1, 4, 16, 6, 1500, 1100),
(1426, 'Legion the Fiend Jester', 1, 4, 16, 6, 1300, 1500),
(1427, 'Ljosalf of the Nordic Alfar', 1, 4, 16, 3, 1400, 1200),
(1428, 'Lord of D.', 1, 4, 16, 6, 1200, 1100),
(1429, 'Lyla, Lightsworn Sorceress', 1, 4, 16, 3, 1700, 200),
(1430, 'Madolche Butlerusk', 1, 4, 16, 2, 1500, 800),
(1431, 'Madolche Magileine', 1, 4, 16, 2, 1400, 1200),
(1432, 'Madolche Marmalmaide', 1, 4, 16, 2, 800, 2000),
(1433, 'Magic Hand', 1, 4, 16, 6, 800, 1600),
(1434, 'Magical Exemplar', 1, 4, 16, 2, 1700, 1400),
(1435, 'Magical Something', 1, 4, 16, 6, 1800, 1300),
(1436, 'Magician\'s Valkyria', 1, 4, 16, 3, 1600, 1800),
(1437, 'Magidog', 1, 4, 16, 3, 1700, 1000),
(1438, 'Masked Sorcerer', 1, 4, 16, 6, 900, 1400),
(1439, 'Mei-Kou, Master of Barriers', 1, 4, 16, 3, 1700, 600),
(1440, 'Milla the Temporal Magician', 1, 4, 16, 3, 1800, 1000),
(1441, 'Mythical Beast Cerberus', 1, 4, 16, 3, 1400, 1400),
(1442, 'Performage Damage Juggler', 1, 4, 16, 3, 1500, 1000),
(1443, 'Performage Flame Eater', 1, 4, 16, 4, 1200, 1600),
(1444, 'Performage Hat Tricker', 1, 4, 16, 2, 1100, 1100),
(1445, 'Performage Trick Clown', 1, 4, 16, 3, 1600, 1200),
(1446, 'Photon Circle', 1, 4, 16, 3, 1000, 1000),
(1447, 'Princess Curran', 1, 4, 16, 6, 2000, 0),
(1448, 'Princess Pikeru', 1, 4, 16, 3, 2000, 0),
(1449, 'Raging Eria', 1, 4, 16, 1, 800, 1500),
(1450, 'Rapid-Fire Magician', 1, 4, 16, 6, 1600, 1200),
(1451, 'Royal Magical Library', 1, 4, 16, 3, 0, 2000),
(1452, 'Sage of Silence', 1, 4, 16, 3, 1400, 1000),
(1453, 'Sage of Stillness', 1, 4, 16, 3, 1400, 1000),
(1454, 'Secret Sect Druid Dru', 1, 4, 16, 6, 1800, 0),
(1455, 'Secret Sect Druid Wid', 1, 4, 16, 6, 0, 1800),
(1456, 'Shadowpriestess of Ohm', 1, 4, 16, 6, 1700, 1600),
(1457, 'Silent Magician', 1, 4, 16, 3, 1000, 1000),
(1458, 'Silent Magician LV4', 1, 4, 16, 3, 1000, 1000),
(1459, 'Skilled Dark Magician', 1, 4, 16, 6, 1900, 1700),
(1460, 'Skilled Red Magician', 1, 4, 16, 6, 1600, 1600),
(1461, 'Skilled White Magician', 1, 4, 16, 3, 1700, 1900),
(1462, 'Solitaire Magician', 1, 4, 16, 3, 1600, 1300),
(1463, 'Spellbreaker of the Ice Barrier', 1, 4, 16, 1, 1200, 2000),
(1464, 'SPYGAL Misty', 1, 4, 16, 6, 1500, 1600),
(1465, 'Star Drawing', 1, 4, 16, 2, 1600, 1000),
(1466, 'Storming Wynn', 1, 4, 16, 5, 800, 1500),
(1467, 'Strategist of the Ice Barrier', 1, 4, 16, 1, 1600, 1600),
(1468, 'Strength of Prophecy', 1, 4, 16, 4, 1500, 1400),
(1469, 'Summoner Monk', 1, 4, 16, 6, 800, 1600),
(1470, 'Toy Magician', 1, 4, 16, 3, 1600, 1500),
(1471, 'V Salamander', 1, 4, 16, 4, 1500, 1300),
(1472, 'Violet Witch', 1, 4, 16, 6, 1100, 1200),
(1473, 'Wind-Up Magician', 1, 4, 16, 4, 600, 1800),
(1474, 'Witch Doctor of Sparta', 1, 4, 16, 2, 400, 2000),
(1475, 'Apocatequil', 1, 4, 17, 3, 1800, 1200),
(1476, 'Batteryman 9-Volt', 1, 4, 17, 3, 1000, 1000),
(1477, 'Batteryman AAA', 1, 4, 17, 3, 0, 0),
(1478, 'Cuben', 1, 4, 17, 3, 600, 1900),
(1479, 'Denko Sekka', 1, 4, 17, 3, 1700, 1000),
(1480, 'Elemental HERO Voltic', 1, 4, 17, 3, 1000, 1500),
(1481, 'Gusto Thunbolt', 1, 4, 17, 5, 1500, 1200),
(1482, 'Lightning Rod Lord', 1, 4, 17, 3, 1800, 100),
(1483, 'Mahunder', 1, 4, 17, 3, 1400, 700),
(1484, 'Morphtronic Radion', 1, 4, 17, 3, 1000, 900),
(1485, 'Pahunder', 1, 4, 17, 3, 1300, 600),
(1486, 'Rai-Jin', 1, 4, 17, 3, 0, 1000),
(1487, 'Sishunder', 1, 4, 17, 3, 900, 400),
(1488, 'Spiritual Beast Cannahawk', 1, 4, 17, 5, 1400, 600),
(1489, 'The Calibrator', 1, 4, 17, 3, 1500, 1500),
(1490, 'Thunder King Rai-Oh', 1, 4, 17, 3, 1900, 800),
(1491, 'Thunder Nyan Nyan', 1, 4, 17, 3, 1900, 800),
(1492, 'Thunder Sea Horse', 1, 4, 17, 3, 1600, 1200),
(1493, 'Wattgiraffe', 1, 4, 17, 3, 1200, 100),
(1494, 'Wattpheasant', 1, 4, 17, 3, 1000, 800),
(1495, 'Zap Mustung', 1, 4, 17, 3, 1600, 1500),
(1496, 'Absolute Crusader', 1, 4, 18, 2, 1800, 1200),
(1497, 'Air Armor Ninja', 1, 4, 18, 5, 1400, 1400),
(1498, 'Altitude Knight', 1, 4, 18, 5, 1400, 1200),
(1499, 'Amazoness Chain Master', 1, 4, 18, 2, 1500, 1300),
(1500, 'Amazoness Fighter', 1, 4, 18, 2, 1500, 1300),
(1501, 'Amazoness Paladin', 1, 4, 18, 2, 1700, 300),
(1502, 'Amazoness Sage', 1, 4, 18, 2, 1400, 700),
(1503, 'Armageddon Knight', 1, 4, 18, 6, 1400, 1200),
(1504, 'Armed Samurai - Ben Kei', 1, 4, 18, 6, 500, 800),
(1505, 'Arnis, the Empowered Warrior', 1, 4, 18, 4, 1700, 1200),
(1506, 'Assault Mercenary', 1, 4, 18, 2, 1800, 300),
(1507, 'Battlin\' Boxer Glassjaw', 1, 4, 18, 4, 2000, 0),
(1508, 'Battlin\' Boxer Shadow', 1, 4, 18, 4, 1800, 1400),
(1509, 'Battlin\' Boxer Sparrer', 1, 4, 18, 4, 1200, 1400),
(1510, 'Battlin\' Boxer Switchitter', 1, 4, 18, 4, 1500, 1400),
(1511, 'Battlin\' Boxer Veil', 1, 4, 18, 4, 0, 1800),
(1512, 'Beginning Knight', 1, 4, 18, 3, 500, 2000),
(1513, 'Big Belly Knight', 1, 4, 18, 2, 1000, 1600),
(1514, 'Big Shield Gardna', 1, 4, 18, 2, 100, 2600),
(1515, 'Blade Bounzer', 1, 4, 18, 2, 1800, 1400),
(1516, 'Blade Knight', 1, 4, 18, 3, 1600, 1000),
(1517, 'Blindly Loyal Goblin', 1, 4, 18, 2, 1800, 1500),
(1518, 'Blue Flame Swordsman', 1, 4, 18, 4, 1800, 1600),
(1519, 'Blue Mountain Butterspy', 1, 4, 18, 6, 0, 1700),
(1520, 'BOXer', 1, 4, 18, 2, 1800, 1000),
(1521, 'Brushfire Knight', 1, 4, 18, 4, 1400, 1200),
(1522, 'Bull Blader', 1, 4, 18, 2, 1600, 1200),
(1523, 'Cameraclops', 1, 4, 18, 3, 1400, 1600),
(1524, 'Celtic Guard of Noble Arms', 1, 4, 18, 2, 2100, 700),
(1525, 'Chaosrider Gustaph', 1, 4, 18, 5, 1400, 1500),
(1526, 'Chthonian Soldier', 1, 4, 18, 6, 1200, 1400),
(1527, 'Cipher Mirror Knight', 1, 4, 18, 3, 0, 0),
(1528, 'Combo Fighter', 1, 4, 18, 5, 1600, 800),
(1529, 'Command Knight', 1, 4, 18, 4, 1200, 1900),
(1530, 'Crimson Sentry', 1, 4, 18, 4, 1500, 1200),
(1531, 'Cyber Gymnast', 1, 4, 18, 2, 800, 1800),
(1532, 'D.D. Assailant', 1, 4, 18, 2, 1700, 1600),
(1533, 'D.D. Destroyer', 1, 4, 18, 2, 1000, 1000),
(1534, 'D.D. Guide', 1, 4, 18, 6, 1400, 1000),
(1535, 'D.D. Survivor', 1, 4, 18, 6, 1800, 200),
(1536, 'D.D. Warrior', 1, 4, 18, 2, 1200, 1000),
(1537, 'D.D. Warrior Lady', 1, 4, 18, 3, 1500, 1600),
(1538, 'Dark Blade the Captain of the Evil World', 1, 4, 18, 6, 1800, 1500),
(1539, 'Dark Grepher', 1, 4, 18, 6, 1700, 1600),
(1540, 'Dark Scorpion - Meanae the Thorn', 1, 4, 18, 6, 1000, 1800),
(1541, 'Dark Scorpion Burglars', 1, 4, 18, 6, 1000, 1000),
(1542, 'Dawn Knight', 1, 4, 18, 3, 1400, 1200),
(1543, 'Daybreaker', 1, 4, 18, 3, 1700, 0),
(1544, 'Destiny HERO - Celestial', 1, 4, 18, 6, 1600, 1400),
(1545, 'Destiny HERO - Decider', 1, 4, 18, 6, 1600, 1000),
(1546, 'Destiny HERO - Defender', 1, 4, 18, 6, 100, 2700),
(1547, 'Destiny HERO - Diamond Dude', 1, 4, 18, 6, 1400, 1600),
(1548, 'Destiny HERO - Drilldark', 1, 4, 18, 6, 1600, 1200),
(1549, 'Disc Fighter', 1, 4, 18, 2, 1000, 1000),
(1550, 'Disciple of the Forbidden Spell', 1, 4, 18, 3, 1700, 800),
(1551, 'Dododo Witch', 1, 4, 18, 2, 1200, 1600),
(1552, 'Doggy Diver', 1, 4, 18, 6, 1000, 1000),
(1553, 'Don Zaloog', 1, 4, 18, 6, 1400, 1500),
(1554, 'Ehren, Lightsworn Monk', 1, 4, 18, 3, 1600, 1000),
(1555, 'Elemental HERO Blazeman', 1, 4, 18, 4, 1200, 1800),
(1556, 'Elemental HERO Flash', 1, 4, 18, 3, 1100, 1600),
(1557, 'Elemental HERO Neo Bubbleman', 1, 4, 18, 1, 800, 1200),
(1558, 'Elemental HERO Ocean', 1, 4, 18, 1, 1500, 1200),
(1559, 'Elemental HERO Shadow Mist', 1, 4, 18, 6, 1000, 1500),
(1560, 'Elemental HERO Stratos', 1, 4, 18, 5, 1800, 300),
(1561, 'Elemental HERO Woodsman', 1, 4, 18, 2, 1000, 2000),
(1562, 'Energy Bravery', 1, 4, 18, 3, 1700, 1200),
(1563, 'Envoy of Chaos', 1, 4, 18, 6, 1500, 0),
(1564, 'Etoile Cyber', 1, 4, 18, 2, 1200, 1600),
(1565, 'Evening Twilight Knight', 1, 4, 18, 6, 500, 2000),
(1566, 'Exiled Force', 1, 4, 18, 2, 1000, 1000),
(1567, 'Flame Armor Ninja', 1, 4, 18, 4, 1700, 1000),
(1568, 'Freed the Brave Wanderer', 1, 4, 18, 3, 1700, 1200),
(1569, 'G.B. Hunter', 1, 4, 18, 2, 1200, 2000),
(1570, 'Gagaga Gardna', 1, 4, 18, 2, 1500, 2000),
(1571, 'Gaia, the Mid-Knight Sun', 1, 4, 18, 3, 1600, 1200),
(1572, 'Gaia, the Polar Knight', 1, 4, 18, 6, 1600, 1200),
(1573, 'Ganbara Knight', 1, 4, 18, 3, 0, 1800),
(1574, 'Garoth, Lightsworn Warrior', 1, 4, 18, 3, 1850, 1300),
(1575, 'Gearfried the Iron Knight', 1, 4, 18, 2, 1800, 1600),
(1576, 'Getsu Fuhma', 1, 4, 18, 6, 1700, 1200),
(1577, 'Ghost Gardna', 1, 4, 18, 6, 0, 1900),
(1578, 'Goblin Decoy Squad', 1, 4, 18, 6, 1000, 0),
(1579, 'Goblin Pothole Squad', 1, 4, 18, 2, 1500, 400),
(1580, 'Goblindbergh', 1, 4, 18, 2, 1400, 0),
(1581, 'Goe Goe the Gallant Ninja', 1, 4, 18, 5, 1500, 1000),
(1582, 'Guardian of Felgrand', 1, 4, 18, 3, 500, 500),
(1583, 'Heroic Challenger - Assault Halberd', 1, 4, 18, 2, 1800, 200),
(1584, 'Heroic Challenger - Extra Sword', 1, 4, 18, 2, 1000, 1000),
(1585, 'Heroic Challenger - Night Watchman', 1, 4, 18, 2, 1200, 300),
(1586, 'Heroic Challenger - Spartan', 1, 4, 18, 2, 1600, 1000),
(1587, 'Heroic Challenger - Swordshield', 1, 4, 18, 2, 0, 2000),
(1588, 'Heroic Challenger - Thousand Blades', 1, 4, 18, 2, 1300, 1100),
(1589, 'Iron Chain Repairman', 1, 4, 18, 2, 1600, 1200),
(1590, 'Junk Blader', 1, 4, 18, 2, 1800, 1000),
(1591, 'Junk Breaker', 1, 4, 18, 2, 1800, 1000),
(1592, 'Justice Bringer', 1, 4, 18, 2, 1700, 1000),
(1593, 'King\'s Knight', 1, 4, 18, 3, 1600, 1400),
(1594, 'Kunoichi', 1, 4, 18, 5, 1800, 1000),
(1595, 'Laval Blaster', 1, 4, 18, 4, 1200, 800),
(1596, 'Laval Cannon', 1, 4, 18, 4, 1600, 900),
(1597, 'Laval Warrior', 1, 4, 18, 4, 1800, 500),
(1598, 'Legendary Six Samurai - Enishi', 1, 4, 18, 3, 1700, 700),
(1599, 'Legendary Six Samurai - Kizan', 1, 4, 18, 2, 1800, 500),
(1600, 'Lightray Grepher', 1, 4, 18, 3, 1700, 1600),
(1601, 'Madolche Chouxvalier', 1, 4, 18, 2, 1700, 1300),
(1602, 'Madolche Messengelato', 1, 4, 18, 2, 1600, 1000),
(1603, 'Makyura the Destructor', 1, 4, 18, 6, 1600, 1200),
(1604, 'Masked Ninja Ebisu', 1, 4, 18, 5, 1200, 1800),
(1605, 'Master of the Flaming Dragonswords', 1, 4, 18, 4, 1800, 1200),
(1606, 'Max Warrior', 1, 4, 18, 5, 1800, 800),
(1607, 'Mid Shield Gardna', 1, 4, 18, 2, 100, 1800),
(1608, 'Missing Force', 1, 4, 18, 6, 1500, 1000),
(1609, 'Morpho Butterspy', 1, 4, 18, 6, 1200, 1600),
(1610, 'Mysterious Puppeteer', 1, 4, 18, 2, 1000, 1500),
(1611, 'Mystic Swordsman LV4', 1, 4, 18, 2, 1900, 1600),
(1612, 'Neo Space Pathfinder', 1, 4, 18, 3, 1800, 800),
(1613, 'Ninja Grandmaster Sasuke', 1, 4, 18, 3, 1800, 1000),
(1614, 'Noble Knight Bedwyr', 1, 4, 18, 3, 1600, 1500),
(1615, 'Noble Knight Borz', 1, 4, 18, 3, 1700, 900),
(1616, 'Noble Knight Brothers', 1, 4, 18, 3, 1200, 2400),
(1617, 'Noble Knight Drystan', 1, 4, 18, 3, 1800, 800),
(1618, 'Noble Knight Gawayn', 1, 4, 18, 3, 1900, 500),
(1619, 'Noble Knight Gwalchavad', 1, 4, 18, 3, 1500, 1800),
(1620, 'Noble Knight Joan', 1, 4, 18, 3, 1900, 1300),
(1621, 'Noble Knight Medraut', 1, 4, 18, 3, 1700, 1000),
(1622, 'Noble Knight Peredur', 1, 4, 18, 3, 1900, 300),
(1623, 'Numeral Hunter', 1, 4, 18, 3, 1600, 1400),
(1624, 'Obnoxious Celtic Guard', 1, 4, 18, 2, 1400, 1200),
(1625, 'Overlay Sentinel', 1, 4, 18, 3, 2000, 0),
(1626, 'Paladin of Felgrand', 1, 4, 18, 3, 1700, 300),
(1627, 'Photon Chargeman', 1, 4, 18, 3, 1000, 1000),
(1628, 'Photon Crusher', 1, 4, 18, 3, 2000, 0),
(1629, 'Photon Thrasher', 1, 4, 18, 3, 2100, 0),
(1630, 'Pilgrim of the Ice Barrier', 1, 4, 18, 1, 1500, 1000),
(1631, 'Power Breaker', 1, 4, 18, 2, 1900, 0),
(1632, 'Queen\'s Bodyguard', 1, 4, 18, 2, 1700, 1200),
(1633, 'Rapid Warrior', 1, 4, 18, 5, 1200, 200),
(1634, 'Rescue Warrior', 1, 4, 18, 2, 1600, 1700),
(1635, 'Rocket Warrior', 1, 4, 18, 3, 1500, 1300),
(1636, 'Samurai of the Ice Barrier', 1, 4, 18, 1, 1800, 1500),
(1637, 'Samurai Sword Baron', 1, 4, 18, 2, 1600, 1200),
(1638, 'Sasuke Samurai 4', 1, 4, 18, 5, 1200, 1200),
(1639, 'Satellarknight Alsahm', 1, 4, 18, 3, 1400, 1800),
(1640, 'Satellarknight Altair', 1, 4, 18, 3, 1700, 1300),
(1641, 'Satellarknight Betelgeuse', 1, 4, 18, 3, 700, 1900),
(1642, 'Satellarknight Deneb', 1, 4, 18, 3, 1500, 1000),
(1643, 'Satellarknight Rigel', 1, 4, 18, 3, 1900, 700),
(1644, 'Satellarknight Sirius', 1, 4, 18, 3, 1600, 900),
(1645, 'Satellarknight Unukalhai', 1, 4, 18, 3, 1800, 1000),
(1646, 'Satellarknight Vega', 1, 4, 18, 3, 1200, 1600),
(1647, 'Shore Knight', 1, 4, 18, 1, 1400, 1200),
(1648, 'Silent Swordsman', 1, 4, 18, 3, 1000, 1000),
(1649, 'Silver Sentinel', 1, 4, 18, 2, 1500, 1300),
(1650, 'SPYRAL Super Agent', 1, 4, 18, 2, 1900, 1200),
(1651, 'SPYRAL Tough', 1, 4, 18, 5, 1900, 1500),
(1652, 'Strike Ninja', 1, 4, 18, 6, 1700, 1200),
(1653, 'Stronghold Guardian', 1, 4, 18, 2, 0, 1500),
(1654, 'Subterror Nemesis Warrior', 1, 4, 18, 2, 1800, 1200),
(1655, 'Tatakawa Knight', 1, 4, 18, 2, 1500, 0),
(1656, 'Terratiger, the Empowered Warrior', 1, 4, 18, 2, 1800, 1200),
(1657, 'The Creator Incarnate', 1, 4, 18, 3, 1600, 1500),
(1658, 'The Phantom Knights of Fragile Armor', 1, 4, 18, 6, 1000, 2000),
(1659, 'The Six Samurai - Irou', 1, 4, 18, 6, 1700, 1200),
(1660, 'The Six Samurai - Nisashi', 1, 4, 18, 5, 1400, 700),
(1661, 'The Unfriendly Amazon', 1, 4, 18, 2, 2000, 1000),
(1662, 'Throwstone Unit', 1, 4, 18, 2, 900, 2000),
(1663, 'Trident Warrior', 1, 4, 18, 3, 1800, 1200),
(1664, 'Twilight Ninja Shingetsu', 1, 4, 18, 6, 1500, 100),
(1665, 'Twin-Shield Defender', 1, 4, 18, 2, 700, 1600),
(1666, 'Twin-Sword Marauder', 1, 4, 18, 6, 1600, 1000),
(1667, 'Tyr of the Nordic Champions', 1, 4, 18, 3, 2000, 2000),
(1668, 'U.A. Midfielder', 1, 4, 18, 2, 1200, 1000),
(1669, 'Upstart Golden Ninja', 1, 4, 18, 3, 500, 1800),
(1670, 'Warrior Lady of the Wasteland', 1, 4, 18, 2, 1100, 1200),
(1671, 'Wind-Up Soldier', 1, 4, 18, 2, 1800, 1200),
(1672, 'Wind-Up Warrior', 1, 4, 18, 2, 1200, 1800),
(1673, 'X-Saber Galahad', 1, 4, 18, 2, 1800, 800),
(1674, 'Aurora Wing', 1, 4, 19, 1, 1200, 1600),
(1675, 'Barrier Statue of the Stormwinds', 1, 4, 19, 5, 1000, 1000),
(1676, 'Battlestorm', 1, 4, 19, 6, 1700, 1000),
(1677, 'Birdface', 1, 4, 19, 5, 1600, 1600),
(1678, 'Blackwing - Bora the Spear', 1, 4, 19, 6, 1700, 800),
(1679, 'Blackwing - Shura the Blue Flame', 1, 4, 19, 6, 1800, 1200),
(1680, 'Blackwing - Tornado the Reverse Wind', 1, 4, 19, 6, 1000, 1200),
(1681, 'Blackwing - Zephyros the Elite', 1, 4, 19, 6, 1600, 1000),
(1682, 'Blizzard Falcon', 1, 4, 19, 1, 1500, 1500),
(1683, 'Blizzard Thunderbird', 1, 4, 19, 1, 1600, 1400),
(1684, 'Bujingi Crane', 1, 4, 19, 3, 1600, 300),
(1685, 'Bujingi Ibis', 1, 4, 19, 3, 1600, 300),
(1686, 'Bujingi Pavo', 1, 4, 19, 3, 1700, 800),
(1687, 'Bujingi Peacock', 1, 4, 19, 3, 1800, 700),
(1688, 'Bujingi Raven', 1, 4, 19, 3, 1600, 900),
(1689, 'Crystal Beast Cobalt Eagle', 1, 4, 19, 5, 1400, 800),
(1690, 'Cyber Harpie Lady', 1, 4, 19, 5, 1800, 1300),
(1691, 'Dragunity Dux', 1, 4, 19, 5, 1500, 1000),
(1692, 'Garuda the Wind Spirit', 1, 4, 19, 5, 1600, 1200),
(1693, 'Gladiator Beast Bestiari', 1, 4, 19, 5, 1500, 800),
(1694, 'Gladiator Beast Equeste', 1, 4, 19, 5, 1600, 1200),
(1695, 'Gladiator Beast Lanista', 1, 4, 19, 5, 1800, 1200),
(1696, 'Harpie Dancer', 1, 4, 19, 5, 1200, 1000),
(1697, 'Harpie Harpist', 1, 4, 19, 5, 1700, 600),
(1698, 'Harpie Lady 2', 1, 4, 19, 5, 1300, 1400),
(1699, 'Harpie Lady 3', 1, 4, 19, 5, 1300, 1400),
(1700, 'Harpie Queen', 1, 4, 19, 5, 1900, 1200),
(1701, 'Heraldic Beast Twin-Headed Eagle', 1, 4, 19, 5, 1200, 1400),
(1702, 'Hunter Owl', 1, 4, 19, 5, 1000, 900),
(1703, 'Mist Condor', 1, 4, 19, 5, 1400, 400),
(1704, 'Overlay Owl', 1, 4, 19, 5, 800, 1600),
(1705, 'Raidraptor - Avenge Vulture', 1, 4, 19, 6, 1700, 100),
(1706, 'Raidraptor - Booster Strix', 1, 4, 19, 6, 100, 1700),
(1707, 'Raidraptor - Fuzzy Lanius', 1, 4, 19, 6, 500, 1500),
(1708, 'Raidraptor - Napalm Dragonius', 1, 4, 19, 6, 1000, 1000),
(1709, 'Raidraptor - Necro Vulture', 1, 4, 19, 6, 1000, 1600),
(1710, 'Raidraptor - Sharp Lanius', 1, 4, 19, 6, 1700, 1000),
(1711, 'Raidraptor - Singing Lanius', 1, 4, 19, 6, 100, 100),
(1712, 'Raidraptor - Vanishing Lanius', 1, 4, 19, 6, 1300, 1600),
(1713, 'Sacred Crane', 1, 4, 19, 3, 1600, 400),
(1714, 'Sonic Bird', 1, 4, 19, 5, 1400, 1000),
(1715, 'Sonic Shooter', 1, 4, 19, 5, 1300, 600),
(1716, 'Spiritual Whisper', 1, 4, 19, 5, 200, 2000),
(1717, 'Dragon Dowser', 1, 4, 20, 2, 1500, 1500),
(1718, 'Lindbloom', 1, 4, 20, 2, 0, 1800),
(1719, 'Suanni, Fire of the Yang Zing', 1, 4, 20, 4, 1900, 0),
(1720, 'Blue-Blooded Oni', 1, 4, 21, 6, 1000, 1700),
(1721, 'Bone Crusher', 1, 4, 21, 2, 1600, 200),
(1722, 'Decayed Commander', 1, 4, 21, 2, 1000, 1500),
(1723, 'Double Coston', 1, 4, 21, 6, 1700, 1650),
(1724, 'Fear from the Dark', 1, 4, 21, 6, 1700, 1500),
(1725, 'Goblin Zombie', 1, 4, 21, 6, 1100, 1050),
(1726, 'Gogogo Ghost', 1, 4, 21, 6, 1900, 0),
(1727, 'Immortal Ruler', 1, 4, 21, 2, 1800, 200),
(1728, 'Isolde, Belle of the Underworld', 1, 4, 21, 6, 1000, 0),
(1729, 'Malice Ascendant', 1, 4, 21, 6, 700, 1000),
(1730, 'Necroface', 1, 4, 21, 6, 1200, 1800),
(1731, 'Paladin of the Cursed Dragon', 1, 4, 21, 3, 1900, 1200),
(1732, 'Pyramid Turtle', 1, 4, 21, 2, 1200, 1400),
(1733, 'Reborn Zombie', 1, 4, 21, 6, 1000, 1600),
(1734, 'Red-Headed Oni', 1, 4, 21, 6, 1700, 1000),
(1735, 'Regenerating Mummy', 1, 4, 21, 6, 1800, 1500),
(1736, 'Return Zombie', 1, 4, 21, 6, 1000, 1600),
(1737, 'Royal Keeper', 1, 4, 21, 2, 1600, 1700),
(1738, 'Shiranui Samurai', 1, 4, 21, 4, 1800, 0),
(1739, 'Shiranui Smith', 1, 4, 21, 4, 1000, 0),
(1740, 'Shutendoji', 1, 4, 21, 2, 1500, 800),
(1741, 'Skull Conductor', 1, 4, 21, 6, 2000, 0),
(1742, 'Vampire Lady', 1, 4, 21, 6, 1550, 1550),
(1743, 'Wandering Mummy', 1, 4, 21, 2, 1500, 1500),
(1744, 'Zombie Mammoth', 1, 4, 21, 2, 1900, 0),
(1745, 'Zombie Master', 1, 4, 21, 6, 1800, 0),
(1746, 'Catapult Turtle', 1, 5, 1, 1, 1000, 2000),
(1747, 'Des Frog', 1, 5, 1, 1, 1900, 0),
(1748, 'Numen erat Testudo', 1, 5, 1, 1, 1800, 0),
(1749, 'The Great Emperor Penguin', 1, 5, 1, 1, 1800, 1500),
(1750, 'Big-Tusked Mammoth', 1, 5, 2, 2, 2000, 1000),
(1751, 'Two Thousand Needles', 1, 5, 2, 2, 2000, 1800),
(1752, 'ZW - Lightning Blade', 1, 5, 2, 3, 1200, 2000),
(1753, 'Brotherhood of the Fire Fist - Coyote', 1, 5, 3, 4, 2000, 500),
(1754, 'Brotherhood of the Fire Fist - Swallow', 1, 5, 3, 4, 2000, 800),
(1755, 'Ghost Knight of Jackal', 1, 5, 3, 2, 1700, 1600),
(1756, 'Sea Lancer', 1, 5, 3, 1, 1300, 1000),
(1757, 'XX-Saber Gardestrike', 1, 5, 3, 2, 2100, 1400),
(1758, 'Evolsaur Darwino', 1, 5, 22, 4, 2200, 700),
(1759, 'Guardian Grarl', 1, 5, 22, 2, 2500, 1000),
(1760, 'Armed Dragon LV5', 1, 5, 4, 5, 2400, 1700),
(1761, 'Curse of Dragonfire', 1, 5, 4, 6, 2000, 1500),
(1762, 'Darkflare Dragon', 1, 5, 4, 6, 2400, 1200),
(1763, 'Different Dimension Dragon', 1, 5, 4, 3, 1200, 1500),
(1764, 'Divine Dragon - Excelion', 1, 5, 4, 3, 1500, 900),
(1765, 'Dragon Ice', 1, 5, 4, 1, 1800, 2200),
(1766, 'Exa, Enforcer of the Nekroz', 1, 5, 4, 1, 2000, 1000),
(1767, 'Hieratic Dragon of Eset', 1, 5, 4, 3, 1900, 1200),
(1768, 'Hieratic Dragon of Nebthet', 1, 5, 4, 3, 2000, 1600),
(1769, 'Interplanetarypurplythorny Dragon', 1, 5, 4, 6, 2200, 1100),
(1770, 'Vice Dragon', 1, 5, 4, 6, 2000, 2400),
(1771, 'Airknight Parshath', 1, 5, 5, 3, 1900, 1400),
(1772, 'Artifact Achilleshield', 1, 5, 5, 3, 1500, 2200),
(1773, 'Artifact Beagalltach', 1, 5, 5, 3, 1400, 2100),
(1774, 'Artifact Chakram', 1, 5, 5, 3, 1900, 2000),
(1775, 'Artifact Failnaught', 1, 5, 5, 3, 2000, 1600),
(1776, 'Artifact Labrys', 1, 5, 5, 3, 2300, 1000),
(1777, 'Artifact Lancea', 1, 5, 5, 3, 1700, 2300),
(1778, 'Artifact Scythe', 1, 5, 5, 3, 2200, 900),
(1779, 'Artifact Vajra', 1, 5, 5, 3, 1800, 1900),
(1780, 'Cloudian - Nimbusman', 1, 5, 5, 1, 1000, 1000),
(1781, 'Constellar Virgo', 1, 5, 5, 3, 2300, 1600),
(1782, 'Darklord Edeh Arae', 1, 5, 5, 6, 2300, 2000),
(1783, 'Darknight Parshath', 1, 5, 5, 6, 1900, 1400),
(1784, 'Madolche Puddingcess', 1, 5, 5, 2, 1000, 1000),
(1785, 'Berfomet', 1, 5, 6, 6, 1400, 1800),
(1786, 'Byser Shock', 1, 5, 6, 6, 800, 600),
(1787, 'Darklord Marie', 1, 5, 6, 6, 1700, 1200),
(1788, 'Diabound Kernel', 1, 5, 6, 6, 1800, 1200),
(1789, 'Flamvell Fiend', 1, 5, 6, 4, 2100, 1200),
(1790, 'Garbage Lord', 1, 5, 6, 6, 0, 2400),
(1791, 'Ghost Ship', 1, 5, 6, 3, 1900, 1000),
(1792, 'Helpoemer', 1, 5, 6, 6, 2000, 1400),
(1793, 'Infernoid Piaty', 1, 5, 6, 4, 2200, 0),
(1794, 'Lesser Fiend', 1, 5, 6, 6, 2100, 1000),
(1795, 'Mefist the Infernal General', 1, 5, 6, 6, 1800, 1700),
(1796, 'Memory Crush King', 1, 5, 6, 6, 2000, 0),
(1797, 'Mist Archfiend', 1, 5, 6, 6, 2400, 0),
(1798, 'Power Invader', 1, 5, 6, 6, 2200, 0),
(1799, 'Sillva, Warlord of Dark World', 1, 5, 6, 6, 2300, 1400),
(1800, 'Cyber Shark', 1, 5, 7, 1, 2100, 2000),
(1801, 'Depth Shark', 1, 5, 7, 1, 1400, 0),
(1802, 'Eagle Shark', 1, 5, 7, 1, 1000, 1800),
(1803, 'Gazer Shark', 1, 5, 7, 1, 1000, 1900),
(1804, 'Panther Shark', 1, 5, 7, 1, 1100, 2000),
(1805, 'Rage of the Deep Sea', 1, 5, 7, 1, 0, 0),
(1806, 'Shark Cruiser', 1, 5, 7, 1, 1800, 2200),
(1807, 'Anteatereatingant', 1, 5, 8, 2, 2000, 500),
(1808, 'Inzektor Giga-Cricket', 1, 5, 8, 6, 2000, 1300),
(1809, 'Primitive Butterfly', 1, 5, 8, 5, 1200, 900),
(1810, 'Ultimate Insect LV5', 1, 5, 8, 5, 2300, 900),
(1811, 'Ally of Justice Omni-Weapon', 1, 5, 9, 6, 2200, 800),
(1812, 'Ally of Justice Rudra', 1, 5, 9, 6, 1900, 1200),
(1813, 'Ancient Gear Engineer', 1, 5, 9, 2, 1500, 1500),
(1814, 'B.E.S. Crystal Core', 1, 5, 9, 1, 2100, 1000),
(1815, 'Cannon Soldier MK-2', 1, 5, 9, 2, 1900, 1200),
(1816, 'Constellar Zubeneschamali', 1, 5, 9, 3, 2100, 1400),
(1817, 'Cyber Dragon', 1, 5, 9, 3, 2100, 1600),
(1818, 'Cyber Ogre', 1, 5, 9, 2, 1900, 1200),
(1819, 'Galaxy Soldier', 1, 5, 9, 3, 2000, 0),
(1820, 'Genex Ally Reliever', 1, 5, 9, 6, 2200, 1000),
(1821, 'Kozmo Delta Shuttle', 1, 5, 9, 6, 2000, 2000),
(1822, 'Kozmo Sliprider', 1, 5, 9, 3, 2300, 800),
(1823, 'Mecha Sea Dragon Plesion', 1, 5, 9, 1, 2300, 1800),
(1824, 'Metal Shooter', 1, 5, 9, 3, 800, 800),
(1825, 'Satellite Cannon', 1, 5, 9, 3, 0, 0),
(1826, 'Solar Wind Jammer', 1, 5, 9, 3, 800, 2400),
(1827, 'Superheavy Samurai Big Waraji', 1, 5, 9, 2, 800, 1800),
(1828, 'Superheavy Samurai Transporter', 1, 5, 9, 2, 1200, 1800),
(1829, 'Naturia Bamboo Shoot', 1, 5, 10, 2, 2000, 2000),
(1830, 'Naturia Hydrangea', 1, 5, 10, 2, 1900, 2000),
(1831, 'Sylvan Lotuswain', 1, 5, 10, 1, 2300, 1100),
(1832, 'Kozmoll Dark Lady', 1, 5, 11, 6, 2200, 1800),
(1833, 'Reeze, Whirlwind of Gusto', 1, 5, 11, 5, 1900, 1400),
(1834, 'Space-Time Police', 1, 5, 11, 5, 2300, 1500),
(1835, 'Genex Furnace', 1, 5, 12, 4, 2000, 1300),
(1836, 'Laval Burner', 1, 5, 12, 4, 2100, 1000),
(1837, 'Volcanic Hammerer', 1, 5, 12, 4, 2400, 1500),
(1838, 'Majioshaleon', 1, 5, 13, 1, 2000, 800),
(1839, 'Spawn Alligator', 1, 5, 13, 1, 2200, 1000),
(1840, 'Venom Boa', 1, 5, 13, 2, 1600, 1200),
(1841, 'Worm Illidan', 1, 5, 13, 3, 2000, 1800),
(1842, 'Big Piece Golem', 1, 5, 14, 2, 2100, 0),
(1843, 'Chronomaly Moai Carrier', 1, 5, 14, 2, 900, 1800),
(1844, 'Chronomaly Tula Guardian', 1, 5, 14, 2, 1800, 900),
(1845, 'Chronomaly Winged Sphinx', 1, 5, 14, 2, 1600, 1900),
(1846, 'Earthquake Giant', 1, 5, 14, 2, 1600, 2100),
(1847, 'Evilswarm Golem', 1, 5, 14, 6, 2150, 1250),
(1848, 'Guardian Sphinx', 1, 5, 14, 2, 1700, 2400),
(1849, 'Master Monk', 1, 5, 14, 2, 1900, 1000),
(1850, 'Blue Dragon Ninja', 1, 5, 15, 1, 2100, 1200),
(1851, 'Divine Dragon Aquabizarre', 1, 5, 15, 1, 2100, 1500),
(1852, 'Orca Mega-Fortress of Darkness', 1, 5, 15, 1, 2100, 1200),
(1853, 'Allure Queen LV5', 1, 5, 16, 6, 1000, 1000),
(1854, 'Disenchanter', 1, 5, 16, 3, 2000, 2300),
(1855, 'Emperor of Prophecy', 1, 5, 16, 6, 2300, 2000),
(1856, 'Fortune Lady Dark', 1, 5, 16, 6, 0, 0),
(1857, 'Gravekeeper\'s Chief', 1, 5, 16, 6, 1900, 1200),
(1858, 'Invitation to a Dark Sleep', 1, 5, 16, 6, 1500, 1800),
(1859, 'Magical Marionette', 1, 5, 16, 6, 2000, 1000),
(1860, 'Oracle of the Sun', 1, 5, 16, 3, 1000, 2000),
(1861, 'The Tricky', 1, 5, 16, 5, 2000, 1200),
(1862, 'Guardian Tryce', 1, 5, 17, 3, 1900, 1700),
(1863, 'Mist Valley Executor', 1, 5, 17, 5, 2100, 1600),
(1864, 'Super-Electromagnetic Voltech Dragon', 1, 5, 17, 3, 2400, 1000),
(1865, 'Thunder Dragon', 1, 5, 17, 3, 1600, 1500),
(1866, 'Zaborg the Thunder Monarch', 1, 5, 17, 3, 2400, 1000),
(1867, 'Backup Warrior', 1, 5, 18, 2, 2100, 0),
(1868, 'Combo Master', 1, 5, 18, 5, 2200, 1500),
(1869, 'Cyber Tutubon', 1, 5, 18, 2, 1800, 1600),
(1870, 'Dark General Freed', 1, 5, 18, 6, 2300, 1700),
(1871, 'Dark Scorpion - Gorg the Strong', 1, 5, 18, 6, 1800, 1500),
(1872, 'Deepsea Warrior', 1, 5, 18, 1, 1600, 1800),
(1873, 'Destiny HERO - Dynatag', 1, 5, 18, 6, 1000, 1000),
(1874, 'Earth Armor Ninja', 1, 5, 18, 2, 1600, 1200),
(1875, 'Freed the Matchless General', 1, 5, 18, 2, 2300, 1700),
(1876, 'Ganbara Lancer', 1, 5, 18, 3, 1000, 2000),
(1877, 'Grandmaster of the Six Samurai', 1, 5, 18, 2, 2100, 800),
(1878, 'Junk Collector', 1, 5, 18, 3, 1000, 2200),
(1879, 'Lava Battleguard', 1, 5, 18, 2, 1550, 1800),
(1880, 'Luminous Soldier', 1, 5, 18, 3, 2100, 1400),
(1881, 'Overlay Booster', 1, 5, 18, 3, 2000, 0),
(1882, 'Photon Slasher', 1, 5, 18, 3, 2100, 1000),
(1883, 'Royal Knight of the Ice Barrier', 1, 5, 18, 1, 2000, 2000),
(1884, 'Salvage Warrior', 1, 5, 18, 1, 1900, 1600),
(1885, 'Silent Swordsman LV5', 1, 5, 18, 3, 2300, 1000),
(1886, 'Super Quantum Red Layer', 1, 5, 18, 4, 2000, 800),
(1887, 'Swamp Battleguard', 1, 5, 18, 2, 1800, 1500),
(1888, 'Teva', 1, 5, 18, 3, 2000, 1500),
(1889, 'The Legendary Fisherman', 1, 5, 18, 1, 1850, 1600),
(1890, 'The Legendary Fisherman II', 1, 5, 18, 1, 2200, 1800),
(1891, 'Turret Warrior', 1, 5, 18, 2, 1200, 2000),
(1892, 'U.A. Mighty Slugger', 1, 5, 18, 2, 2300, 700),
(1893, 'Assault Blackwing - Kunai the Drizzle', 1, 5, 19, 6, 2100, 1600),
(1894, 'Blackwing - Boreas the Sharp', 1, 5, 19, 6, 1300, 900),
(1895, 'Blackwing - Brisote the Tailwind', 1, 5, 19, 6, 1200, 1800),
(1896, 'Blackwing - Sirocco the Dawn', 1, 5, 19, 6, 2000, 900),
(1897, 'Dragunity Primus Pilus', 1, 5, 19, 5, 2200, 1600),
(1898, 'Performapal Springoose', 1, 5, 19, 5, 1100, 2400),
(1899, 'Prime Material Falcon', 1, 5, 19, 5, 2200, 800),
(1900, 'Sirenorca', 1, 5, 19, 1, 2200, 1000),
(1901, 'Swarm of Crows', 1, 5, 19, 6, 1200, 1800),
(1902, 'ZW - Eagle Claw', 1, 5, 19, 5, 2000, 1200),
(1903, 'Endless Decay', 1, 5, 21, 6, 0, 0),
(1904, 'Koa\'ki Meiru Ghoulungulate', 1, 5, 21, 2, 2500, 1700),
(1905, 'Patrician of Darkness', 1, 5, 21, 6, 2000, 1400),
(1906, 'Shadow Ghoul', 1, 5, 21, 6, 1600, 1300),
(1907, 'Shadow Vampire', 1, 5, 21, 6, 2000, 0),
(1908, 'Vampire Dragon', 1, 5, 21, 6, 2400, 0),
(1909, 'Vampire Duke', 1, 5, 21, 6, 2000, 0),
(1910, 'Vampire Lord', 1, 5, 21, 6, 2000, 1500),
(1911, 'Mobius the Frost Monarch', 1, 6, 1, 1, 2400, 1000),
(1912, 'Gladiator Beast Alexander', 1, 6, 2, 3, 2400, 600),
(1913, 'Gravity Behemoth', 1, 6, 2, 6, 2300, 2000),
(1914, 'Hazy Flame Cerbereus', 1, 6, 2, 4, 2000, 200),
(1915, 'Performapal Elephammer', 1, 6, 2, 2, 2600, 1800),
(1916, 'Performapal Inflater Tapir', 1, 6, 2, 5, 1000, 2000),
(1917, 'Photon Leo', 1, 6, 2, 3, 2100, 1100),
(1918, 'Yosenju Magat', 1, 6, 2, 5, 2000, 100),
(1919, 'Yosenju Misak', 1, 6, 2, 5, 2300, 200),
(1920, 'Yosenju Oyam', 1, 6, 2, 5, 0, 0),
(1921, 'Akz, the Pumer', 1, 6, 3, 2, 1500, 1000),
(1922, 'Commander Gottoms, Swordmaster', 1, 6, 3, 2, 2100, 1600),
(1923, 'Hazy Flame Sphynx', 1, 6, 3, 4, 1900, 1900),
(1924, 'Jawsman', 1, 6, 3, 1, 2600, 1600),
(1925, 'Manticore of Darkness', 1, 6, 3, 4, 2300, 1000),
(1926, 'Minoan Centaur', 1, 6, 3, 2, 1800, 1000),
(1927, 'Dark Driceratops', 1, 6, 22, 2, 2400, 1500),
(1928, 'Evolsaur Elias', 1, 6, 22, 4, 100, 2400),
(1929, 'Evolsaur Terias', 1, 6, 22, 4, 2400, 600),
(1930, 'Hazy Flame Hydra', 1, 6, 22, 4, 2300, 200),
(1931, 'Jurrac Herra', 1, 6, 22, 4, 2300, 1500),
(1932, 'Aether, the Empowering Dragon', 1, 6, 4, 3, 2300, 1600),
(1933, 'Dragunity Arma Mystletainn', 1, 6, 4, 5, 2100, 1500),
(1934, 'Frost and Flame Dragon', 1, 6, 4, 1, 2300, 2000),
(1935, 'Genesis Dragon', 1, 6, 4, 3, 2200, 1800),
(1936, 'Gragonith, Lightsworn Dragon', 1, 6, 4, 3, 2000, 1600),
(1937, 'Gravi-Crush Dragon', 1, 6, 4, 6, 2400, 1200),
(1938, 'Hieratic Dragon of Su', 1, 6, 4, 3, 2200, 1000),
(1939, 'Horus the Black Flame Dragon LV6', 1, 6, 4, 4, 2300, 1600),
(1940, 'Kabuki Dragon', 1, 6, 4, 3, 2300, 2100),
(1941, 'Kaiser Glider', 1, 6, 4, 3, 2400, 2200),
(1942, 'Krystal Dragon', 1, 6, 4, 3, 2500, 1000),
(1943, 'Magna-Slash Dragon', 1, 6, 4, 3, 2400, 1200),
(1944, 'Prime Material Dragon', 1, 6, 4, 3, 2400, 2000),
(1945, 'Strong Wind Dragon', 1, 6, 4, 5, 2400, 1000),
(1946, 'Tiger Dragon', 1, 6, 4, 2, 2400, 1800),
(1947, 'White-Horned Dragon', 1, 6, 4, 6, 2200, 1400),
(1948, 'Arcana Force XIV - Temperance', 1, 6, 5, 3, 2400, 2400),
(1949, 'Darklord Amdusc', 1, 6, 5, 6, 1800, 2800),
(1950, 'Iris, the Earth Mother', 1, 6, 5, 3, 2400, 1200),
(1951, 'Izanagi', 1, 6, 5, 5, 2200, 1000),
(1952, 'Majestic Mech - Ohka', 1, 6, 5, 3, 2400, 1400),
(1953, 'Sky Scourge Invicil', 1, 6, 5, 2, 2200, 1600),
(1954, 'Soul of Purity and Light', 1, 6, 5, 3, 2000, 1800),
(1955, 'The Agent of Judgment - Saturn', 1, 6, 5, 3, 2400, 0),
(1956, 'Ambitious Gofer', 1, 6, 6, 6, 2400, 100),
(1957, 'Archfiend Commander', 1, 6, 6, 6, 2500, 1200),
(1958, 'Archfiend of Gilfer', 1, 6, 6, 6, 2200, 2500),
(1959, 'Brain Golem', 1, 6, 6, 6, 2500, 1800),
(1960, 'Caius the Shadow Monarch', 1, 6, 6, 6, 2400, 1000),
(1961, 'Dark Lucius LV6', 1, 6, 6, 2, 1700, 600),
(1962, 'Dark Ruler Ha Des', 1, 6, 6, 6, 2450, 1600),
(1963, 'Dragon Seeker', 1, 6, 6, 6, 2000, 2100),
(1964, 'Fabled Soulkius', 1, 6, 6, 3, 2200, 2100),
(1965, 'Gaap the Divine Soldier', 1, 6, 6, 6, 2200, 2000),
(1966, 'Great Maju Garzett', 1, 6, 6, 6, 0, 0),
(1967, 'Ido the Supreme Magical Force', 1, 6, 6, 6, 2200, 800),
(1968, 'Infernal Incinerator', 1, 6, 6, 4, 2800, 1800),
(1969, 'Infernity Archer', 1, 6, 6, 6, 2000, 1000),
(1970, 'Inferno Hammer', 1, 6, 6, 6, 2400, 0),
(1971, 'Latinum, Exarch of Dark World', 1, 6, 6, 6, 1500, 2400),
(1972, 'Lucent, Netherlord of Dark World', 1, 6, 6, 6, 2400, 0),
(1973, 'Majesty\'s Fiend', 1, 6, 6, 3, 2400, 1000),
(1974, 'Puppet Master', 1, 6, 6, 6, 0, 0),
(1975, 'Red Warg', 1, 6, 6, 4, 1400, 2200),
(1976, 'Santa Claws', 1, 6, 6, 3, 1200, 2500),
(1977, 'Skull Archfiend of Lightning', 1, 6, 6, 6, 2500, 1200),
(1978, 'Steelswarm Moth', 1, 6, 6, 6, 2400, 0),
(1979, 'The End of Anubis', 1, 6, 6, 6, 2500, 0);
INSERT INTO `cards` (`id`, `name`, `type_id`, `level`, `race_id`, `attribute_id`, `atk`, `def`) VALUES
(1980, 'Vanity\'s Fiend', 1, 6, 6, 6, 2400, 1200),
(1981, 'Cranium Fish', 1, 6, 7, 1, 2400, 1000),
(1982, 'Sharkraken', 1, 6, 7, 1, 2400, 2100),
(1983, 'Insect Princess', 1, 6, 8, 5, 1900, 1200),
(1984, 'Inzektor Giga-Mantis', 1, 6, 8, 6, 2400, 0),
(1985, 'Inzektor Giga-Weevil', 1, 6, 8, 6, 0, 2600),
(1986, 'Mother Spider', 1, 6, 8, 6, 2300, 1200),
(1987, 'Naturia Stag Beetle', 1, 6, 8, 2, 2200, 1500),
(1988, 'Saber Beetle', 1, 6, 8, 2, 2400, 600),
(1989, 'Scary Moth', 1, 6, 8, 5, 1800, 2300),
(1990, 'Ally of Justice Enemy Catcher', 1, 6, 9, 6, 1800, 1800),
(1991, 'Ancient Gear Beast', 1, 6, 9, 2, 2000, 2000),
(1992, 'B.E.S. Big Core MK-2', 1, 6, 9, 4, 2400, 1100),
(1993, 'B.E.S. Tetran', 1, 6, 9, 5, 1800, 2300),
(1994, 'Blowback Dragon', 1, 6, 9, 6, 2300, 1200),
(1995, 'Constellar Antares', 1, 6, 9, 3, 2400, 900),
(1996, 'Cyber Barrier Dragon', 1, 6, 9, 3, 800, 2800),
(1997, 'Evilswarm Coppelia', 1, 6, 9, 6, 2450, 2050),
(1998, 'Gadget Hauler', 1, 6, 9, 2, 1300, 0),
(1999, 'Genex Army', 1, 6, 9, 2, 2300, 1300),
(2000, 'Jinzo', 1, 6, 9, 6, 2400, 1500),
(2001, 'Junk Giant', 1, 6, 9, 2, 2000, 2400),
(2002, 'Kozmo DOG Fighter', 1, 6, 9, 6, 2000, 2400),
(2003, 'Kozmo Landwalker', 1, 6, 9, 6, 2400, 1200),
(2004, 'Machine King', 1, 6, 9, 2, 2200, 2000),
(2005, 'Rescueroid', 1, 6, 9, 4, 1600, 1800),
(2006, 'Scrap Breaker', 1, 6, 9, 2, 2100, 700),
(2007, 'Timeater', 1, 6, 9, 6, 1900, 1700),
(2008, 'Trifortressops', 1, 6, 9, 6, 1600, 2800),
(2009, 'UFOroid', 1, 6, 9, 3, 1200, 1200),
(2010, 'Elemental HERO Poison Rose', 1, 6, 10, 2, 1900, 2000),
(2011, 'Fairy King Truesdale', 1, 6, 10, 1, 2200, 1500),
(2012, 'Rose Tentacles', 1, 6, 10, 2, 2200, 1200),
(2013, 'Armored Axon Kicker', 1, 6, 11, 2, 2200, 1800),
(2014, 'Overdrive Teleporter', 1, 6, 11, 3, 2100, 1200),
(2015, 'PSY-Frame Multi-Threader', 1, 6, 11, 3, 0, 2500),
(2016, 'Psychic Emperor', 1, 6, 11, 3, 2400, 1000),
(2017, 'Storm Caller', 1, 6, 11, 5, 2300, 2000),
(2018, 'Windaar, Sage of Gusto', 1, 6, 11, 5, 2000, 1000),
(2019, 'Flamvell Commando', 1, 6, 12, 4, 2200, 200),
(2020, 'Hazy Flame Hyppogrif', 1, 6, 12, 4, 2100, 200),
(2021, 'Hazy Flame Peryton', 1, 6, 12, 4, 1600, 1700),
(2022, 'Thestalos the Firestorm Monarch', 1, 6, 12, 4, 2400, 1000),
(2023, 'Volcanic Queen', 1, 6, 12, 4, 2500, 1200),
(2024, 'Alien Mother', 1, 6, 13, 6, 2300, 1500),
(2025, 'Alien Overlord', 1, 6, 13, 6, 2200, 1600),
(2026, 'Bitelon', 1, 6, 13, 1, 2400, 1000),
(2027, 'Worm Erokin', 1, 6, 13, 3, 2400, 1200),
(2028, 'Worm Prince', 1, 6, 13, 3, 2200, 400),
(2029, 'Worm Warlord', 1, 6, 13, 3, 2350, 1800),
(2030, 'Castle Gate', 1, 6, 14, 2, 0, 2400),
(2031, 'Criosphinx', 1, 6, 14, 2, 1200, 2400),
(2032, 'Granmarg the Rock Monarch', 1, 6, 14, 2, 2400, 1000),
(2033, 'Power Giant', 1, 6, 14, 2, 2200, 0),
(2034, 'Apprentice Illusion Magician', 1, 6, 16, 6, 2000, 1700),
(2035, 'Breaker the Dark Magical Warrior', 1, 6, 16, 6, 1600, 1000),
(2036, 'Chaos Command Magician', 1, 6, 16, 3, 2400, 1900),
(2037, 'Chaos Sorcerer', 1, 6, 16, 6, 2300, 2000),
(2038, 'Cybernetic Magician', 1, 6, 16, 3, 2400, 1000),
(2039, 'Dai-sojo of the Ice Barrier', 1, 6, 16, 1, 1600, 2200),
(2040, 'Dark Magician Girl', 1, 6, 16, 6, 2000, 1700),
(2041, 'Dark Red Enchanter', 1, 6, 16, 6, 1700, 2200),
(2042, 'Delg the Dark Monarch', 1, 6, 16, 6, 2400, 1000),
(2043, 'Gagaga Head', 1, 6, 16, 6, 2100, 2000),
(2044, 'Gravekeeper\'s Shaman', 1, 6, 16, 6, 1500, 1500),
(2045, 'Great Dezard', 1, 6, 16, 6, 1900, 2300),
(2046, 'Lightray Sorcerer', 1, 6, 16, 3, 2300, 2000),
(2047, 'Mind on Air', 1, 6, 16, 6, 1000, 1600),
(2048, 'Mutant Mindmaster', 1, 6, 16, 6, 0, 2500),
(2049, 'Performage Stilts Launcher', 1, 6, 16, 2, 2200, 0),
(2050, 'Prophecy Destroyer', 1, 6, 16, 6, 2500, 1200),
(2051, 'Reaper of Prophecy', 1, 6, 16, 6, 2000, 1600),
(2052, 'Batteryman Fuel Cell', 1, 6, 17, 3, 2100, 0),
(2053, 'Amazoness Queen', 1, 6, 18, 2, 2400, 1800),
(2054, 'Constellar Alrescha', 1, 6, 18, 3, 2200, 1200),
(2055, 'Cyber Prima', 1, 6, 18, 3, 2300, 1600),
(2056, 'Destiny HERO - Dasher', 1, 6, 18, 6, 2100, 1000),
(2057, 'Destiny HERO - Double Dude', 1, 6, 18, 6, 1000, 1000),
(2058, 'Destiny HERO - Malicious', 1, 6, 18, 6, 800, 800),
(2059, 'Divine Knight Ishzark', 1, 6, 18, 3, 2300, 1800),
(2060, 'Dododo Buster', 1, 6, 18, 2, 1900, 800),
(2061, 'Enishi, Shien\'s Chancellor', 1, 6, 18, 3, 2200, 1200),
(2062, 'Gillagillancer', 1, 6, 18, 2, 2200, 800),
(2063, 'Golden Homunculus', 1, 6, 18, 3, 1500, 1500),
(2064, 'Hammer Bounzer', 1, 6, 18, 2, 2300, 2000),
(2065, 'Heroic Challenger - War Hammer', 1, 6, 18, 2, 2100, 1300),
(2066, 'Knight of the Red Lotus', 1, 6, 18, 4, 2100, 1800),
(2067, 'Kuraz the Light Monarch', 1, 6, 18, 3, 2400, 1000),
(2068, 'Laval Lancelord', 1, 6, 18, 4, 2100, 200),
(2069, 'Maximum Six', 1, 6, 18, 2, 1900, 1600),
(2070, 'Mystic Swordsman LV6', 1, 6, 18, 2, 2300, 1700),
(2071, 'Penumbral Soldier Lady', 1, 6, 18, 6, 2100, 1400),
(2072, 'Phantom Bounzer', 1, 6, 18, 6, 2400, 1200),
(2073, 'The Fiend Megacyber', 1, 6, 18, 6, 2200, 1200),
(2074, 'Total Defense Shogun', 1, 6, 18, 6, 1550, 2500),
(2075, 'Twilight Ninja Nichirin, the Chunin', 1, 6, 18, 6, 2300, 1000),
(2076, 'U.A. Goalkeeper', 1, 6, 18, 2, 1000, 2800),
(2077, 'U.A. Rival Rebounder', 1, 6, 18, 2, 2200, 2300),
(2078, 'XX-Saber Faultroll', 1, 6, 18, 2, 2400, 1800),
(2079, 'Alector, Sovereign of Birds', 1, 6, 19, 5, 2400, 2000),
(2080, 'Blackwing - Elphin the Raven', 1, 6, 19, 6, 2200, 1200),
(2081, 'Harpie Lady Sisters', 1, 6, 19, 5, 1950, 2100),
(2082, 'Hazy Flame Griffin', 1, 6, 19, 4, 200, 2100),
(2083, 'Phoenix Beast Gairuda', 1, 6, 19, 5, 2500, 1200),
(2084, 'Raidraptor - Wild Vulture', 1, 6, 19, 6, 1600, 2000),
(2085, 'Raiza the Storm Monarch', 1, 6, 19, 5, 2400, 1000),
(2086, 'Red Dragon Ninja', 1, 6, 19, 4, 2400, 1200),
(2087, 'Roc from the Valley of Haze', 1, 6, 19, 5, 2400, 1400),
(2088, 'Swift Birdman Joe', 1, 6, 19, 5, 2300, 1400),
(2089, 'Troposphere', 1, 6, 19, 5, 2400, 2000),
(2090, 'Goka, the Pyre of Malice', 1, 6, 21, 4, 2200, 1900),
(2091, 'Lich Lord, King of the Underworld', 1, 6, 21, 6, 2400, 1200),
(2092, 'Malevolent Mech - Goku En', 1, 6, 21, 3, 2400, 1400),
(2093, 'Pumpking the King of Ghosts', 1, 6, 21, 6, 1800, 2000),
(2094, 'Ryu Kokki', 1, 6, 21, 6, 2400, 2000),
(2095, 'Spirit of the Pharaoh', 1, 6, 21, 3, 2500, 2000),
(2096, 'Vampire Grace', 1, 6, 21, 6, 2000, 1200),
(2097, 'Vampire\'s Curse', 1, 6, 21, 6, 2000, 800),
(2098, 'Mermail Abyssbalaen', 1, 7, 1, 1, 2500, 2000),
(2099, 'Mermail Abyssteus', 1, 7, 1, 1, 1700, 2400),
(2100, 'Ancient Crimson Ape', 1, 7, 2, 3, 2600, 1800),
(2101, 'Behemoth the King of All Animals', 1, 7, 2, 2, 2700, 1500),
(2102, 'Black Dragon Ninja', 1, 7, 2, 6, 2800, 1600),
(2103, 'Green Baboon, Defender of the Forest', 1, 7, 2, 2, 2600, 1800),
(2104, 'King of the Beasts', 1, 7, 2, 2, 2500, 800),
(2105, 'Yellow Baboon, Archer of the Forest', 1, 7, 2, 2, 2600, 1800),
(2106, 'Phantom Beast Rock-Lizard', 1, 7, 3, 6, 2200, 2000),
(2107, 'Black Tyranno', 1, 7, 22, 2, 2600, 1800),
(2108, 'Jurrac Spinos', 1, 7, 22, 4, 2600, 1700),
(2109, 'Jurrac Tyrannus', 1, 7, 22, 4, 2500, 1400),
(2110, 'Arkbrave Dragon', 1, 7, 4, 3, 2400, 2000),
(2111, 'Armed Dragon LV7', 1, 7, 4, 5, 2800, 1000),
(2112, 'Blaster, Dragon Ruler of Infernos', 1, 7, 4, 4, 2800, 1800),
(2113, 'Dark Armed Dragon', 1, 7, 4, 6, 2800, 1000),
(2114, 'Darkblaze Dragon', 1, 7, 4, 4, 1200, 1000),
(2115, 'Diabolos, King of the Abyss', 1, 7, 4, 6, 2800, 1000),
(2116, 'Dragonic Knight', 1, 7, 4, 4, 2800, 2300),
(2117, 'Harpie\'s Pet Dragon', 1, 7, 4, 5, 2000, 2500),
(2118, 'Hieratic Dragon of Asar', 1, 7, 4, 3, 2600, 700),
(2119, 'Lightray Diabolos', 1, 7, 4, 3, 2800, 1000),
(2120, 'Malefic Red-Eyes B. Dragon', 1, 7, 4, 6, 2400, 2000),
(2121, 'Odd-Eyes Dragon', 1, 7, 4, 6, 2500, 2000),
(2122, 'Odd-Eyes Saber Dragon', 1, 7, 4, 3, 2800, 2000),
(2123, 'Pandemic Dragon', 1, 7, 4, 6, 2500, 1000),
(2124, 'Photon Wyvern', 1, 7, 4, 3, 2500, 2000),
(2125, 'Tidal, Dragon Ruler of Waterfalls', 1, 7, 4, 1, 2600, 2000),
(2126, 'Angel O7', 1, 7, 5, 3, 2500, 1500),
(2127, 'Athena', 1, 7, 5, 3, 2600, 800),
(2128, 'Darklord Nasten', 1, 7, 5, 6, 2600, 2600),
(2129, 'Guardian Angel Joan', 1, 7, 5, 3, 2800, 2000),
(2130, 'Neo-Parshath, the Sky Paladin', 1, 7, 5, 3, 2300, 2000),
(2131, 'Shopina the Melodious Maestra', 1, 7, 5, 3, 2300, 1700),
(2132, 'White Night Queen', 1, 7, 5, 3, 2100, 800),
(2133, 'Zeta Reticulant', 1, 7, 5, 6, 2400, 2100),
(2134, 'Evil HERO Malicious Edge', 1, 7, 6, 2, 2600, 1800),
(2135, 'Flame Ogre', 1, 7, 6, 4, 2400, 1700),
(2136, 'Gorz the Emissary of Darkness', 1, 7, 6, 6, 2700, 2500),
(2137, 'Greed Quasar', 1, 7, 6, 6, 0, 0),
(2138, 'Illusory Snatcher', 1, 7, 6, 6, 2400, 1000),
(2139, 'Infernity General', 1, 7, 6, 6, 2700, 1500),
(2140, 'Infernoid Seitsemas', 1, 7, 6, 4, 2600, 0),
(2141, 'Maju Garzett', 1, 7, 6, 6, 0, 0),
(2142, 'Perditious Puppeteer', 1, 7, 6, 6, 2700, 500),
(2143, 'Radian, the Multidimensional Kaiju', 1, 7, 6, 6, 2800, 2500),
(2144, 'Steelswarm Girastag', 1, 7, 6, 6, 2600, 0),
(2145, 'Hundred-Footed Horror', 1, 7, 8, 6, 2600, 1300),
(2146, 'Kumongous, the Sticky String Kaiju', 1, 7, 8, 2, 2400, 2500),
(2147, 'Ultimate Insect LV7', 1, 7, 8, 5, 2600, 1200),
(2148, 'B.E.S. Covered Core', 1, 7, 9, 2, 2500, 800),
(2149, 'Cyber Dinosaur', 1, 7, 9, 3, 2500, 1900),
(2150, 'Cyber Laser Dragon', 1, 7, 9, 3, 2400, 1800),
(2151, 'Emes the Infinity', 1, 7, 9, 3, 2500, 2000),
(2152, 'Fusilier Dragon, the Dual-Mode Beast', 1, 7, 9, 6, 2800, 2000),
(2153, 'Genex Solar', 1, 7, 9, 3, 2500, 1500),
(2154, 'Kozmo Forerunner', 1, 7, 9, 3, 2800, 1400),
(2155, 'Machina Fortress', 1, 7, 9, 2, 2500, 1600),
(2156, 'Mecha Phantom Beast Kalgriffin', 1, 7, 9, 5, 1000, 2500),
(2157, 'Mechanical Hound', 1, 7, 9, 2, 2800, 1500),
(2158, 'Fallen Angel of Roses', 1, 7, 10, 2, 2400, 1300),
(2159, 'Regenerating Rose', 1, 7, 10, 6, 0, 1500),
(2160, 'Sylvan Sagequoia', 1, 7, 10, 5, 2600, 2100),
(2161, 'Cosmic Horror Gangi\'el', 1, 7, 13, 3, 2600, 2000),
(2162, 'Destruction Cyclone', 1, 7, 13, 5, 2000, 1500),
(2163, 'Firestorm Prominence', 1, 7, 13, 4, 2000, 1500),
(2164, 'Radiant Spirit', 1, 7, 13, 3, 2000, 1500),
(2165, 'Raging Earth', 1, 7, 13, 2, 2000, 1500),
(2166, 'Megarock Dragon', 1, 7, 14, 2, 0, 0),
(2167, 'Levia-Dragon - Daedalus', 1, 7, 15, 1, 2600, 1500),
(2168, 'Lightray Daedalus', 1, 7, 15, 3, 2600, 1500),
(2169, 'Mermail Abyssleed', 1, 7, 15, 1, 2700, 1000),
(2170, 'Mermail Abyssmegalo', 1, 7, 15, 1, 2400, 1900),
(2171, 'Poseidra, the Atlantean Dragon', 1, 7, 15, 1, 2800, 1600),
(2172, 'Allure Queen LV7', 1, 7, 16, 6, 1500, 1500),
(2173, 'Dark Eradicator Warlock', 1, 7, 16, 6, 2500, 2100),
(2174, 'Endymion, the Master Magician', 1, 7, 16, 6, 2700, 1700),
(2175, 'Fog King', 1, 7, 16, 1, 0, 0),
(2176, 'Kazejin', 1, 7, 16, 5, 2400, 2200),
(2177, 'Magician of Dark Illusion', 1, 7, 16, 6, 2100, 2500),
(2178, 'Medium of the Ice Barrier', 1, 7, 16, 1, 2200, 1600),
(2179, 'Palladium Oracle Mahad', 1, 7, 16, 3, 2500, 2100),
(2180, 'Performapal Sleight Hand Magician', 1, 7, 16, 3, 2500, 2000),
(2181, 'SPYRAL Master Plan', 1, 7, 16, 6, 1200, 2800),
(2182, 'Lightning Punisher', 1, 7, 17, 6, 2600, 1600),
(2183, 'Sanga of the Thunder', 1, 7, 17, 3, 2600, 2200),
(2184, 'Thunderclap Skywolf', 1, 7, 17, 3, 2500, 2000),
(2185, 'Arisen Gaia the Fierce Knight', 1, 7, 18, 6, 2300, 2100),
(2186, 'Buster Blader, the Destruction Swordmaster', 1, 7, 18, 2, 2600, 2300),
(2187, 'Charging Gaia the Fierce Knight', 1, 7, 18, 3, 2300, 2100),
(2188, 'Dark Magician Knight', 1, 7, 18, 6, 2500, 2100),
(2189, 'Elemental HERO Bladedge', 1, 7, 18, 2, 2600, 1800),
(2190, 'Flower Cardian Clover with Boar', 1, 7, 18, 6, 1000, 1000),
(2191, 'Gearfried the Swordmaster', 1, 7, 18, 3, 2600, 2200),
(2192, 'General Gantala of the Ice Barrier', 1, 7, 18, 1, 2700, 2000),
(2193, 'Great Shogun Shien', 1, 7, 18, 4, 2500, 2400),
(2194, 'Igknight Lancer', 1, 7, 18, 4, 2600, 1800),
(2195, 'Koa\'ki Meiru Rooklord', 1, 7, 18, 2, 2800, 2200),
(2196, 'Laval Judgment Lord', 1, 7, 18, 4, 2700, 1800),
(2197, 'Lord Gaia the Fierce Knight', 1, 7, 18, 2, 2300, 2100),
(2198, 'Puppet King', 1, 7, 18, 2, 2800, 2600),
(2199, 'Silent Swordsman LV7', 1, 7, 18, 3, 2800, 1000),
(2200, 'Swift Gaia the Fierce Knight', 1, 7, 18, 6, 2300, 2100),
(2201, 'Sword Hunter', 1, 7, 18, 2, 2450, 1700),
(2202, 'The Legendary Fisherman III', 1, 7, 18, 1, 2500, 2000),
(2203, 'U.A. Blockbacker', 1, 7, 18, 2, 1600, 2700),
(2204, 'U.A. Dreadnought Dunker', 1, 7, 18, 2, 2500, 1800),
(2205, 'Wall Shadow', 1, 7, 18, 6, 1600, 3000),
(2206, 'Blackwing - Abrolhos the Megaquake', 1, 7, 19, 6, 2600, 1800),
(2207, 'Dark Simorgh', 1, 7, 19, 6, 2700, 1000),
(2208, 'Gladiator Beast Octavius', 1, 7, 19, 3, 2500, 1200),
(2209, 'Mist Valley Apex Avian', 1, 7, 19, 5, 2700, 2000),
(2210, 'Simorgh, Bird of Divinity', 1, 7, 19, 5, 2700, 1000),
(2211, 'Storm Shooter', 1, 7, 19, 5, 2300, 500),
(2212, 'Fushioh Richie', 1, 7, 21, 6, 2600, 2900),
(2213, 'Red Ogre', 1, 7, 21, 2, 2800, 2100),
(2214, 'Red-Eyes Zombie Dragon', 1, 7, 21, 6, 2400, 2000),
(2215, 'Cloudian - Eye of the Typhoon', 1, 8, 1, 5, 3000, 1000),
(2216, 'Gameciel, the Sea Turtle Kaiju', 1, 8, 1, 1, 2200, 3000),
(2217, 'Mobius the Mega Monarch', 1, 8, 1, 1, 2800, 1000),
(2218, 'The Tripper Mercury', 1, 8, 1, 1, 2000, 2000),
(2219, 'Mosaic Manticore', 1, 8, 2, 2, 2800, 2500),
(2220, 'Three Thousand Needles', 1, 8, 2, 2, 3000, 1800),
(2221, 'Beast Machine King Barbaros r', 1, 8, 3, 2, 3800, 1200),
(2222, 'Bonfire Colossus', 1, 8, 3, 4, 2600, 2200),
(2223, 'Coach Captain Bearman', 1, 8, 3, 4, 2600, 2700),
(2224, 'Grandsoil the Elemental Lord', 1, 8, 3, 2, 2800, 2200),
(2225, 'Galaxy Tyranno', 1, 8, 22, 3, 2000, 0),
(2226, 'Pyrorex the Elemental Lord', 1, 8, 22, 4, 2800, 2200),
(2227, 'Sauropod Brachion', 1, 8, 22, 2, 1500, 3000),
(2228, 'Super-Ancient Dinobeast', 1, 8, 22, 2, 2700, 1400),
(2229, 'Ultimate Tyranno', 1, 8, 22, 2, 3000, 2200),
(2230, 'Armed Protector Dragon', 1, 8, 4, 3, 2000, 2800),
(2231, 'Blue-Eyes Alternative White Dragon', 1, 8, 4, 3, 3000, 2500),
(2232, 'Dark Horus', 1, 8, 4, 6, 3000, 1800),
(2233, 'Divine Dragon Lord Felgrand', 1, 8, 4, 3, 2800, 2800),
(2234, 'Dragon Spirit of White', 1, 8, 4, 3, 2500, 2000),
(2235, 'Dragunity Arma Leyvaten', 1, 8, 4, 5, 2600, 1200),
(2236, 'Felgrand Dragon', 1, 8, 4, 3, 2800, 2800),
(2237, 'Gandora the Dragon of Destruction', 1, 8, 4, 6, 0, 0),
(2238, 'Gandora-X the Dragon of Demolition', 1, 8, 4, 6, 0, 0),
(2239, 'Hieratic Dragon of Sutekh', 1, 8, 4, 3, 2800, 2000),
(2240, 'Horus the Black Flame Dragon LV8', 1, 8, 4, 4, 3000, 1800),
(2241, 'Jormungardr the Nordic Serpent', 1, 8, 4, 6, 3000, 3000),
(2242, 'Judgment Dragon', 1, 8, 4, 3, 3000, 2600),
(2243, 'Koa\'ki Meiru Maximus', 1, 8, 4, 5, 3000, 2500),
(2244, 'Light and Darkness Dragon', 1, 8, 4, 3, 2800, 2400),
(2245, 'Malefic Blue-Eyes White Dragon', 1, 8, 4, 6, 3000, 2500),
(2246, 'Malefic Stardust Dragon', 1, 8, 4, 6, 2500, 2000),
(2247, 'Master Peace, the True Dracoslayer', 1, 8, 4, 3, 2950, 2950),
(2248, 'Montage Dragon', 1, 8, 4, 2, 0, 0),
(2249, 'Parsec, the Interstellar Dragon', 1, 8, 4, 3, 800, 800),
(2250, 'Phantom Dragon', 1, 8, 4, 3, 2300, 2200),
(2251, 'Schwarzschild Limit Dragon', 1, 8, 4, 6, 2000, 0),
(2252, 'Snowdust Dragon', 1, 8, 4, 1, 2800, 1800),
(2253, 'Soul Drain Dragon', 1, 8, 4, 3, 4000, 0),
(2254, 'Tyrant Dragon', 1, 8, 4, 4, 2900, 2500),
(2255, 'Van\'Dalgyon the Dark Dragon Lord', 1, 8, 4, 6, 2800, 2500),
(2256, 'Victory Dragon', 1, 8, 4, 6, 2400, 3000),
(2257, 'Arcana Force XXI - The World', 1, 8, 5, 3, 3100, 3100),
(2258, 'Archlord Kristya', 1, 8, 5, 3, 2800, 2300),
(2259, 'Archlord Zerato', 1, 8, 5, 3, 2800, 2300),
(2260, 'Dark Voltanis', 1, 8, 5, 6, 2800, 1400),
(2261, 'Darklord Asmodeus', 1, 8, 5, 6, 3000, 2500),
(2262, 'Darklord Superbia', 1, 8, 5, 6, 2900, 2400),
(2263, 'Darklord Zerato', 1, 8, 5, 6, 2800, 2300),
(2264, 'Guardian Eatos', 1, 8, 5, 5, 2500, 2000),
(2265, 'Majestic Mech - Goryu', 1, 8, 5, 3, 2900, 1800),
(2266, 'Master Hyperion', 1, 8, 5, 3, 2700, 2100),
(2267, 'Mozarta the Melodious Maestra', 1, 8, 5, 3, 2600, 2000),
(2268, 'Sky Scourge Enrise', 1, 8, 5, 3, 2400, 1500),
(2269, 'Splendid Venus', 1, 8, 5, 3, 2800, 2400),
(2270, 'Tualatin', 1, 8, 5, 3, 2800, 2500),
(2271, 'Vanity\'s Ruler', 1, 8, 5, 3, 2500, 1600),
(2272, 'Voltanis the Adjudicator', 1, 8, 5, 3, 2800, 1400),
(2273, 'Archfiend Emperor, the First Lord of Horror', 1, 8, 6, 6, 3000, 2000),
(2274, 'Archfiend Empress', 1, 8, 6, 6, 2900, 2100),
(2275, 'Belial - Marquis of Darkness', 1, 8, 6, 6, 2800, 2400),
(2276, 'Caius the Mega Monarch', 1, 8, 6, 6, 2800, 1000),
(2277, 'Dark Lucius LV8', 1, 8, 6, 2, 2800, 900),
(2278, 'Dark Necrofear', 1, 8, 6, 6, 2200, 2800),
(2279, 'Fabled Dianaira', 1, 8, 6, 3, 2800, 100),
(2280, 'Grapha, Dragon Lord of Dark World', 1, 8, 6, 6, 2700, 1800),
(2281, 'Grinder Golem', 1, 8, 6, 6, 3000, 300),
(2282, 'Guardian Dreadscythe', 1, 8, 6, 6, 2500, 2000),
(2283, 'Imprisoned Queen Archfiend', 1, 8, 6, 6, 2600, 1700),
(2284, 'Invader of Darkness', 1, 8, 6, 6, 2900, 2500),
(2285, 'Koa\'ki Meiru Valafar', 1, 8, 6, 4, 3000, 2100),
(2286, 'Lava Golem', 1, 8, 6, 4, 3000, 2500),
(2287, 'Legendary Maju Garzett', 1, 8, 6, 6, 0, 0),
(2288, 'Masked Beast Des Gardius', 1, 8, 6, 6, 3300, 2500),
(2289, 'Mazera DeVille', 1, 8, 6, 6, 2800, 2300),
(2290, 'Sky Scourge Norleras', 1, 8, 6, 6, 2400, 1500),
(2291, 'SPYRAL Sleeper', 1, 8, 6, 3, 2800, 1200),
(2292, 'Steelswarm Caucastag', 1, 8, 6, 6, 2800, 0),
(2293, 'The Suppression Pluto', 1, 8, 6, 6, 2600, 2000),
(2294, 'Hyper-Ancient Shark Megalodon', 1, 8, 7, 1, 2900, 1300),
(2295, 'Doom Dozer', 1, 8, 8, 2, 2800, 2600),
(2296, 'Dreadscythe Harvester', 1, 8, 8, 5, 2300, 1600),
(2297, 'Gadarla, the Mystery Dust Kaiju', 1, 8, 8, 5, 2700, 1600),
(2298, 'Great Moth', 1, 8, 8, 2, 2600, 2500),
(2299, 'Perfectly Ultimate Great Moth', 1, 8, 8, 2, 3500, 3000),
(2300, 'Ally of Justice Cosmic Gateway', 1, 8, 9, 6, 2400, 1200),
(2301, 'Ally of Justice Thunder Armor', 1, 8, 9, 6, 2700, 2200),
(2302, 'Ancient Gear Gadjiltron Dragon', 1, 8, 9, 2, 3000, 2000),
(2303, 'Ancient Gear Golem', 1, 8, 9, 2, 3000, 3000),
(2304, 'Armoroid', 1, 8, 9, 2, 2700, 2000),
(2305, 'Flying Fortress SKY FIRE', 1, 8, 9, 5, 3000, 2500),
(2306, 'Gearspring Spirit', 1, 8, 9, 6, 100, 100),
(2307, 'Gimmick Puppet Magnet Doll', 1, 8, 9, 6, 1000, 1000),
(2308, 'Gimmick Puppet Nightmare', 1, 8, 9, 6, 1000, 2000),
(2309, 'Gimmick Puppet Shadow Feeler', 1, 8, 9, 6, 1000, 1000),
(2310, 'Gimmick Puppet Twilight Joker', 1, 8, 9, 6, 800, 1600),
(2311, 'Jinzo - Lord', 1, 8, 9, 6, 2600, 1600),
(2312, 'Kozmo Dark Destroyer', 1, 8, 9, 6, 3000, 1800),
(2313, 'Machina Cannon', 1, 8, 9, 2, 0, 2200),
(2314, 'Metalzoa', 1, 8, 9, 6, 3000, 2300),
(2315, 'Perfect Machine King', 1, 8, 9, 2, 2700, 1500),
(2316, 'Red-Eyes Black Metal Dragon', 1, 8, 9, 6, 2800, 2400),
(2317, 'Super Defense Robot Elephan', 1, 8, 9, 2, 1400, 2500),
(2318, 'Superheavy Samurai Big Benkei', 1, 8, 9, 2, 1000, 3500),
(2319, 'The Big Saturn', 1, 8, 9, 6, 2800, 2200),
(2320, 'Chirubim, Princess of Autumn Leaves', 1, 8, 10, 2, 1800, 2800),
(2321, 'Phoenixian Cluster Amaryllis', 1, 8, 10, 4, 2200, 0),
(2322, 'Sylvan Hermitree', 1, 8, 10, 4, 2700, 1800),
(2323, 'Tytannial, Princess of Camellias', 1, 8, 10, 5, 2800, 2600),
(2324, 'Master Gig', 1, 8, 11, 2, 2600, 1400),
(2325, 'Helios Trice Megistus', 1, 8, 12, 3, 0, 0),
(2326, 'Pyrotech Mech - Shiryu', 1, 8, 12, 4, 2900, 1800),
(2327, 'The Blazing Mars', 1, 8, 12, 4, 2600, 2200),
(2328, 'Thestalos the Mega Monarch', 1, 8, 12, 4, 2800, 1000),
(2329, 'Volcanic Doomfire', 1, 8, 12, 4, 3000, 1800),
(2330, 'Evil Dragon Ananta', 1, 8, 13, 6, 0, 0),
(2331, 'Reptilianne Vaskii', 1, 8, 13, 6, 2600, 0),
(2332, 'Vennominon the King of Poisonous Snakes', 1, 8, 13, 6, 0, 0),
(2333, 'Wicked Acolyte Chilam Sabak', 1, 8, 13, 6, 2500, 0),
(2334, 'Worm King', 1, 8, 13, 3, 2700, 1100),
(2335, 'Berserkion the Electromagna Warrior', 1, 8, 14, 2, 3000, 2800),
(2336, 'Exxod, Master of The Guard', 1, 8, 14, 2, 0, 4000),
(2337, 'Gaia Plate the Earth Giant', 1, 8, 14, 2, 2800, 1000),
(2338, 'Granmarg the Mega Monarch', 1, 8, 14, 2, 2800, 1000),
(2339, 'Ironhammer the Giant', 1, 8, 14, 2, 900, 3500),
(2340, 'The Despair Uranus', 1, 8, 14, 3, 2900, 2300),
(2341, 'Valkyrion the Magna Warrior', 1, 8, 14, 2, 3500, 3850),
(2342, 'Kaiser Sea Snake', 1, 8, 15, 1, 2500, 1000),
(2343, 'Moulinglacia the Elemental Lord', 1, 8, 15, 1, 2800, 2200),
(2344, 'Ocean Dragon Lord - Neo-Daedalus', 1, 8, 15, 1, 2900, 1600),
(2345, 'Blizzard Princess', 1, 8, 16, 1, 2800, 2100),
(2346, 'Dark Magician of Chaos', 1, 8, 16, 6, 2800, 2600),
(2347, 'Gravekeeper\'s Visionary', 1, 8, 16, 6, 2000, 1800),
(2348, 'Ice Master', 1, 8, 16, 1, 2500, 2000),
(2349, 'Ice Queen', 1, 8, 16, 1, 2900, 2100),
(2350, 'Silent Magician LV8', 1, 8, 16, 3, 3500, 1000),
(2351, 'Sorciere de Fleur', 1, 8, 16, 6, 2900, 0),
(2352, 'Wheel of Prophecy', 1, 8, 16, 6, 2700, 1700),
(2353, 'Batteryman Industrial Strength', 1, 8, 17, 3, 2600, 0),
(2354, 'The Creator', 1, 8, 17, 3, 2300, 3000),
(2355, 'Battleguard King', 1, 8, 18, 2, 3000, 1100),
(2356, 'Black Luster Soldier - Envoy of the Beginning', 1, 8, 18, 3, 3000, 2500),
(2357, 'Black Luster Soldier - Envoy of the Evening Twilight', 1, 8, 18, 6, 3000, 2500),
(2358, 'Destiny HERO - Dogma', 1, 8, 18, 6, 3400, 2400),
(2359, 'Destiny HERO - Dreadmaster', 1, 8, 18, 6, 0, 0),
(2360, 'Dododo Swordsman', 1, 8, 18, 2, 0, 3000),
(2361, 'Flower Cardian Zebra Grass', 1, 8, 18, 6, 100, 100),
(2362, 'Flower Cardian Zebra Grass with Moon', 1, 8, 18, 6, 2000, 2000),
(2363, 'Galaxy Knight', 1, 8, 18, 3, 2800, 2600),
(2364, 'General Grunard of the Ice Barrier', 1, 8, 18, 1, 2800, 1000),
(2365, 'Gilford the Legend', 1, 8, 18, 2, 2600, 2000),
(2366, 'Gilford the Lightning', 1, 8, 18, 3, 2800, 1400),
(2367, 'Guardian of Order', 1, 8, 18, 3, 2500, 1200),
(2368, 'Igknight Champion', 1, 8, 18, 4, 2800, 2300),
(2369, 'Legendary Knight Critias', 1, 8, 18, 3, 2800, 1800),
(2370, 'Lightray Gearfried', 1, 8, 18, 3, 2800, 2200),
(2371, 'Mirage Knight', 1, 8, 18, 3, 2800, 2000),
(2372, 'Photon Caesar', 1, 8, 18, 3, 2000, 2800),
(2373, 'Swordsman of Revealing Light', 1, 8, 18, 3, 0, 2400),
(2374, 'The Grand Jupiter', 1, 8, 18, 6, 2500, 2000),
(2375, 'Twilight Ninja Getsuga, the Shogun', 1, 8, 18, 6, 2000, 3000),
(2376, 'Tyler the Great Warrior', 1, 8, 18, 2, 3000, 1500),
(2377, 'Dark Nephthys', 1, 8, 19, 6, 2400, 1600),
(2378, 'Fire King High Avatar Garunix', 1, 8, 19, 4, 2700, 1700),
(2379, 'Gladiator Beast Augustus', 1, 8, 19, 6, 2600, 1000),
(2380, 'Raiza the Mega Monarch', 1, 8, 19, 5, 2800, 1000),
(2381, 'Sacred Phoenix of Nephthys', 1, 8, 19, 4, 2400, 1600),
(2382, 'The Atmosphere', 1, 8, 19, 5, 1000, 800),
(2383, 'Windrose the Elemental Lord', 1, 8, 19, 5, 2800, 2200),
(2384, 'Ryu Okami', 1, 8, 20, 3, 2900, 1200),
(2385, 'Despair from the Dark', 1, 8, 21, 6, 2800, 3000),
(2386, 'Erebus the Underworld Monarch', 1, 8, 21, 6, 2800, 1000),
(2387, 'Kasha', 1, 8, 21, 2, 0, 1000),
(2388, 'Vampire Genesis', 1, 8, 21, 6, 3000, 2100),
(2389, 'Moisture Creature', 1, 9, 5, 3, 2800, 2900),
(2390, 'Winged Kuriboh LV9', 1, 9, 5, 3, 0, 0),
(2391, 'Infernoid Devyaty', 1, 9, 6, 4, 2900, 2900),
(2392, 'Steelswarm Longhorn', 1, 9, 6, 6, 3000, 0),
(2393, 'Big Whale', 1, 9, 7, 1, 1000, 3000),
(2394, 'Ancient Gear Reactor Dragon', 1, 9, 9, 2, 3000, 3000),
(2395, 'Apoqliphort Skybase', 1, 9, 9, 2, 2900, 2500),
(2396, 'Deep-Space Cruiser IX', 1, 9, 9, 3, 900, 900),
(2397, 'Deskbot 009', 1, 9, 9, 2, 500, 500),
(2398, 'Kozmo Dark Eclipser', 1, 9, 9, 6, 3000, 2600),
(2399, 'Infernal Flame Emperor', 1, 9, 12, 4, 2700, 1600),
(2400, 'Sorcerer of Dark Magic', 1, 9, 16, 6, 3200, 2800),
(2401, 'World of Prophecy', 1, 9, 16, 3, 2900, 2400),
(2402, 'Thunder King, the Lightningstrike Kaiju', 1, 9, 17, 3, 3300, 2100),
(2403, 'True King Agnimazud, the Vanisher', 1, 9, 20, 4, 2900, 1900),
(2404, 'True King Lithosagym, the Disaster', 1, 9, 20, 2, 2500, 2300),
(2405, 'Andro Sphinx', 1, 10, 2, 3, 3000, 2500),
(2406, 'Earthbound Immortal Cusillu', 1, 10, 2, 6, 2800, 2400),
(2407, 'Fenrir the Nordic Wolf', 1, 10, 2, 6, 4000, 4000),
(2408, 'Sphinx Teleia', 1, 10, 2, 3, 2500, 3000),
(2409, 'Obelisk the Tormentor', 1, 10, 23, 7, 4000, 4000),
(2410, 'Slifer the Sky Dragon', 1, 10, 23, 7, 0, 0),
(2411, 'The Winged Dragon of Ra', 1, 10, 23, 7, 0, 0),
(2412, 'The Winged Dragon of Ra - Immortal Phoenix', 1, 10, 23, 7, 4000, 4000),
(2413, 'The Winged Dragon of Ra - Sphere Mode', 1, 10, 23, 7, 0, 0),
(2414, 'Armed Dragon LV10', 1, 10, 4, 5, 3000, 2000),
(2415, 'Blue-Eyes Shining Dragon', 1, 10, 4, 3, 3000, 2500),
(2416, 'Deep-Eyes White Dragon', 1, 10, 4, 3, 0, 0),
(2417, 'Malefic Rainbow Dragon', 1, 10, 4, 6, 4000, 0),
(2418, 'Rainbow Dark Dragon', 1, 10, 4, 6, 4000, 0),
(2419, 'Arcana Force EX - The Dark Ruler', 1, 10, 5, 3, 4000, 4000),
(2420, 'Arcana Force EX - The Light Ruler', 1, 10, 5, 3, 4000, 4000),
(2421, 'Darklord Desire', 1, 10, 5, 6, 3000, 2800),
(2422, 'Darklord Ixchel', 1, 10, 5, 6, 2500, 2900),
(2423, 'Ma\'at', 1, 10, 5, 3, 0, 0),
(2424, 'Metaion, the Timelord', 1, 10, 5, 4, 0, 0),
(2425, 'Sephylon, the Ultimate Timelord', 1, 10, 5, 3, 4000, 4000),
(2426, 'Crimson Nova the Dark Cubic Lord', 1, 10, 6, 6, 3000, 0),
(2427, 'Darkness Neosphere', 1, 10, 6, 6, 4000, 4000),
(2428, 'Earthbound Immortal Ccapac Apu', 1, 10, 6, 6, 3000, 2500),
(2429, 'Infernoid Onuncu', 1, 10, 6, 4, 3000, 3000),
(2430, 'Raviel, Lord of Phantasms', 1, 10, 6, 6, 4000, 4000),
(2431, 'The Supremacy Sun', 1, 10, 6, 6, 3000, 3000),
(2432, 'The Wicked Avatar', 1, 10, 6, 6, 0, 0),
(2433, 'The Wicked Dreadroot', 1, 10, 6, 6, 4000, 4000),
(2434, 'The Wicked Eraser', 1, 10, 6, 6, 0, 0),
(2435, 'Ultimate Obedient Fiend', 1, 10, 6, 4, 3500, 3000),
(2436, 'Earthbound Immortal Chacu Challhua', 1, 10, 7, 6, 2900, 2400),
(2437, 'Earthbound Immortal Uru', 1, 10, 8, 6, 3000, 3000),
(2438, 'Apoqliphort Towers', 1, 10, 9, 2, 3000, 2600),
(2439, 'Cyber Eltanin', 1, 10, 9, 3, 0, 0),
(2440, 'D.D. Jet Iron', 1, 10, 9, 3, 4000, 0),
(2441, 'Heavy Freight Train Derricrane', 1, 10, 9, 2, 2800, 2000),
(2442, 'Jizukiru, the Star Destroying Kaiju', 1, 10, 9, 3, 3300, 2600),
(2443, 'Machina Force', 1, 10, 9, 2, 4600, 4100),
(2444, 'Malefic Cyber End Dragon', 1, 10, 9, 6, 4000, 2800),
(2445, 'Meklord Astro Dragon Asterisk', 1, 10, 9, 6, 0, 0),
(2446, 'Night Express Knight', 1, 10, 9, 2, 3000, 3000),
(2447, 'Orichalcos Shunoros', 1, 10, 9, 6, 0, 0),
(2448, 'Snow Plow Hustle Rustle', 1, 10, 9, 2, 2500, 3000),
(2449, 'Superheavy Samurai Thief', 1, 10, 9, 2, 1000, 1000),
(2450, 'Uria, Lord of Searing Flames', 1, 10, 12, 4, 0, 0),
(2451, 'Vennominaga the Deity of Poisonous Snakes', 1, 10, 13, 6, 0, 0),
(2452, 'Triamid Sphinx', 1, 10, 14, 2, 2500, 2500),
(2453, 'Exodius the Ultimate Forbidden Lord', 1, 10, 16, 6, 0, 0),
(2454, 'Gravekeeper\'s Oracle', 1, 10, 16, 6, 2000, 1500),
(2455, 'Neos Wiseman', 1, 10, 16, 3, 3000, 3000),
(2456, 'The Legendary Exodia Incarnate', 1, 10, 16, 6, 0, 0),
(2457, 'Hamon, Lord of Striking Thunder', 1, 10, 17, 3, 4000, 4000),
(2458, 'Flower Cardian Maple with Deer', 1, 10, 18, 6, 1000, 1000),
(2459, 'Zushin the Sleeping Giant', 1, 10, 18, 2, 0, 0),
(2460, 'Blackwing - Aurora the Northern Lights', 1, 10, 19, 3, 0, 0),
(2461, 'Earthbound Immortal Aslla piscu', 1, 10, 19, 6, 2500, 2500),
(2462, 'Earthbound Immortal Wiraqocha Rasca', 1, 10, 19, 6, 100, 100),
(2463, 'Supersonic Skull Flame', 1, 10, 21, 5, 2600, 2000),
(2464, 'Darklord Morningstar', 1, 11, 5, 6, 3000, 3000),
(2465, 'Sophia, Goddess of Rebirth', 1, 11, 5, 6, 3600, 3400),
(2466, 'Yubel - Terror Incarnate', 1, 11, 6, 6, 0, 0),
(2467, 'Flower Cardian Willow', 1, 11, 18, 6, 100, 100),
(2468, 'Gate Guardian', 1, 11, 18, 6, 3750, 3400),
(2469, 'Malefic Truth Dragon', 1, 12, 4, 6, 5000, 5000),
(2470, 'Dystopia the Despondent', 1, 12, 6, 6, 5000, 5000),
(2471, 'Yubel - The Ultimate Nightmare', 1, 12, 6, 6, 0, 0),
(2472, 'Meklord Astro Mekanikle', 1, 12, 9, 3, 4000, 4000),
(2473, 'Flower Cardian Paulownia', 1, 12, 18, 6, 100, 100),
(2474, 'Flower Cardian Paulownia with Phoenix', 1, 12, 18, 6, 2000, 2000),
(2475, 'D-Boyz', 2, 1, 6, 6, 100, 1000),
(2476, 'Dark Mimic LV1', 2, 1, 6, 6, 100, 1000),
(2477, 'Doom Donuts', 2, 1, 6, 6, 0, 0),
(2478, 'Magical Merchant', 2, 1, 8, 3, 200, 700),
(2479, 'Worm Apocalypse', 2, 1, 13, 3, 300, 200),
(2480, 'Worm Hope', 2, 1, 13, 3, 800, 1500),
(2481, 'Aroma Jar', 2, 1, 14, 5, 500, 400),
(2482, 'Magician of Faith', 2, 1, 16, 3, 300, 400),
(2483, 'Batteryman Micro-Cell', 2, 1, 17, 3, 100, 100),
(2484, 'Armed Ninja', 2, 1, 18, 2, 300, 300),
(2485, 'Crimson Ninja', 2, 1, 18, 2, 300, 300),
(2486, 'A Cat of Ill Omen', 2, 2, 2, 6, 500, 300),
(2487, 'Baby Raccoon Tantan', 2, 2, 2, 2, 0, 800),
(2488, 'Dark Cat with White Tail', 2, 2, 2, 2, 800, 500),
(2489, 'Hane-Hane', 2, 2, 2, 2, 450, 500),
(2490, 'Rinyan, Lightsworn Rogue', 2, 2, 2, 3, 100, 100),
(2491, 'Ryko, Lightsworn Hunter', 2, 2, 2, 3, 200, 100),
(2492, 'Iron Blacksmith Kotetsu', 2, 2, 3, 4, 500, 500),
(2493, 'Skelengel', 2, 2, 5, 3, 900, 400),
(2494, 'Bite Shoes', 2, 2, 6, 6, 500, 300),
(2495, 'Brain Jacker', 2, 2, 6, 6, 200, 900),
(2496, 'Hiro\'s Shadow Scout', 2, 2, 6, 6, 650, 500),
(2497, 'Jowls of Dark Demise', 2, 2, 6, 1, 200, 100),
(2498, 'Mask of Darkness', 2, 2, 6, 6, 900, 400),
(2499, 'Spear Cretin', 2, 2, 6, 6, 500, 500),
(2500, 'Bombardment Beetle', 2, 2, 8, 5, 400, 900),
(2501, 'Man-Eater Bug', 2, 2, 8, 2, 450, 600),
(2502, 'Needle Worm', 2, 2, 8, 2, 750, 600),
(2503, 'Parasite Paracide', 2, 2, 8, 2, 500, 300),
(2504, 'Phantom Cricket', 2, 2, 8, 2, 300, 1000),
(2505, 'Dimension Jar', 2, 2, 9, 6, 200, 200),
(2506, 'Gadget Arms', 2, 2, 9, 1, 200, 400),
(2507, 'Rafflesia Seduction', 2, 2, 10, 2, 300, 900),
(2508, 'Wall of Ivy', 2, 2, 10, 2, 300, 1200),
(2509, 'Kamui, Hope of Gusto', 2, 2, 11, 5, 200, 1000),
(2510, 'Alien Grey', 2, 2, 13, 3, 300, 800),
(2511, 'Worm Falco', 2, 2, 13, 3, 500, 800),
(2512, 'Worm Linx', 2, 2, 13, 3, 300, 1000),
(2513, 'Worm Opera', 2, 2, 13, 3, 400, 800),
(2514, 'Dummy Golem', 2, 2, 14, 2, 800, 800),
(2515, 'Morphing Jar', 2, 2, 14, 2, 700, 600),
(2516, 'Apprentice Piper', 2, 2, 16, 6, 100, 1500),
(2517, 'Dark-Eyes Illusionist', 2, 2, 16, 6, 0, 1400),
(2518, 'Magical Plant Mandragola', 2, 2, 16, 6, 500, 200),
(2519, 'Magical Undertaker', 2, 2, 16, 6, 400, 400),
(2520, 'Old Vindictive Magician', 2, 2, 16, 6, 450, 600),
(2521, 'Witch Doctor of Chaos', 2, 2, 16, 6, 500, 500),
(2522, 'An Owl of Luck', 2, 2, 19, 5, 300, 500),
(2523, 'Bubonic Vermin', 2, 3, 2, 2, 900, 600),
(2524, 'Creepy Coney', 2, 3, 2, 2, 1000, 1900),
(2525, 'Des Koala', 2, 3, 2, 6, 1100, 1800),
(2526, 'Desertapir', 2, 3, 2, 2, 900, 300),
(2527, 'Guard Dog', 2, 3, 2, 2, 1500, 500),
(2528, 'Prediction Princess Astromorrigan', 2, 3, 5, 6, 1300, 0),
(2529, 'Prediction Princess Coinorma', 2, 3, 5, 2, 800, 1400),
(2530, 'Prediction Princess Petalelf', 2, 3, 5, 2, 800, 700),
(2531, 'Gravitic Orb', 2, 3, 6, 6, 1100, 700),
(2532, 'Night Assailant', 2, 3, 6, 6, 200, 500),
(2533, 'Electromagnetic Bagworm', 2, 3, 8, 3, 200, 1400),
(2534, 'Magnetic Mosquito', 2, 3, 8, 3, 300, 1000),
(2535, 'DUCKER Mobile Cannon', 2, 3, 9, 3, 500, 500),
(2536, 'Searchlightman', 2, 3, 9, 3, 1000, 1000),
(2537, 'Rigorous Reaver', 2, 3, 10, 4, 1600, 100),
(2538, 'Dragon Piper', 2, 3, 12, 4, 200, 1800),
(2539, 'Evoltile Westlo', 2, 3, 13, 4, 700, 1900),
(2540, 'Absorbing Jar', 2, 3, 14, 2, 600, 500),
(2541, 'Cyber Jar', 2, 3, 14, 6, 900, 900),
(2542, 'Dice Jar', 2, 3, 14, 3, 200, 300),
(2543, 'Aussa the Earth Charmer', 2, 3, 16, 2, 500, 1500),
(2544, 'Dharc the Dark Charmer', 2, 3, 16, 6, 500, 1500),
(2545, 'Eria the Water Charmer', 2, 3, 16, 1, 500, 1500),
(2546, 'Hiita the Fire Charmer', 2, 3, 16, 4, 500, 1500),
(2547, 'Lyna the Light Charmer', 2, 3, 16, 3, 500, 1500),
(2548, 'Mysterious Guard', 2, 3, 16, 2, 800, 1200),
(2549, 'Shaddoll Hedgehog', 2, 3, 16, 6, 800, 200),
(2550, 'Spirit Caller', 2, 3, 16, 3, 1000, 1000),
(2551, 'Summoner of Illusions', 2, 3, 16, 3, 800, 900),
(2552, 'Wynn the Wind Charmer', 2, 3, 16, 5, 500, 1500),
(2553, 'Dragon Manipulator', 2, 3, 18, 2, 700, 800),
(2554, 'Greenkappa', 2, 3, 18, 6, 650, 900),
(2555, 'Princess of Tsurugi', 2, 3, 18, 5, 900, 700),
(2556, 'Shadow Tamer', 2, 3, 18, 2, 800, 700),
(2557, 'Trap Master', 2, 3, 18, 2, 500, 1100),
(2558, 'Chewbone', 2, 3, 21, 2, 300, 300),
(2559, 'Weather Report', 2, 4, 1, 1, 950, 1500),
(2560, 'Super-Nimble Mega Hamster', 2, 4, 2, 2, 1100, 1800),
(2561, 'Prediction Princess Arrowsylph', 2, 4, 5, 5, 1000, 1400),
(2562, 'Big Eye', 2, 4, 6, 6, 1200, 1000),
(2563, 'Castle of Dark Illusions', 2, 4, 6, 6, 920, 1930),
(2564, 'Evilswarm Azzathoth', 2, 4, 13, 6, 750, 1950),
(2565, 'Gale Lizard', 2, 4, 13, 1, 1400, 700),
(2566, 'Worm Cartaros', 2, 4, 13, 3, 1200, 500),
(2567, 'Worm Millidith', 2, 4, 13, 3, 400, 1600),
(2568, 'Gem-Turtle', 2, 4, 14, 2, 0, 2000),
(2569, 'Fairy Tail - Sleeper', 2, 4, 16, 3, 1850, 1000),
(2570, 'Fire Sorcerer', 2, 4, 16, 4, 1000, 1500),
(2571, 'Gishki Ariel', 2, 4, 16, 1, 1000, 1800),
(2572, 'Gravekeeper\'s Guard', 2, 4, 16, 6, 1000, 1900),
(2573, 'Gravekeeper\'s Spy', 2, 4, 16, 6, 1200, 2000),
(2574, 'Shaddoll Hound', 2, 4, 16, 6, 1600, 900),
(2575, 'Shaddoll Squamata', 2, 4, 16, 6, 1800, 1000),
(2576, 'Dust Knight', 2, 4, 18, 2, 1400, 1200),
(2577, 'Invader of the Throne', 2, 4, 18, 2, 1350, 1700),
(2578, 'Supply', 2, 4, 18, 2, 1300, 800),
(2579, 'White Ninja', 2, 4, 18, 3, 1500, 800),
(2580, 'Evilswarm Hraesvelg', 2, 4, 19, 6, 1150, 1850),
(2581, 'Tornado Bird', 2, 4, 19, 5, 1100, 1000),
(2582, 'Poison Mummy', 2, 4, 21, 2, 1000, 1800),
(2583, 'Hade-Hane', 2, 5, 2, 2, 900, 1000),
(2584, 'Prediction Princess Crystaldine', 2, 5, 5, 1, 1400, 2200),
(2585, 'Reaper of the Cards', 2, 5, 6, 6, 1380, 1930),
(2586, 'Nobleman-Eater Bug', 2, 5, 8, 2, 900, 1200),
(2587, 'Subterror Behemoth Stygokraken', 2, 5, 15, 2, 1400, 2600),
(2588, 'Shaddoll Beast', 2, 5, 16, 6, 2200, 1700),
(2589, 'Worm Noble', 2, 6, 13, 3, 1500, 2400),
(2590, 'Subterror Behemoth Umastryx', 2, 7, 13, 2, 2000, 2700),
(2591, 'Worm Victory', 2, 7, 13, 3, 0, 2500),
(2592, 'Thousand-Eyes Restrict', 3, 1, 16, 6, 0, 0),
(2593, 'Time Magic Hammer', 3, 2, 16, 3, 500, 400),
(2594, 'Fusionist', 3, 3, 2, 2, 900, 700),
(2595, 'Charubin the Fire Knight', 3, 3, 12, 4, 1100, 800),
(2596, 'Dragoness the Wicked Knight', 3, 3, 18, 5, 1200, 900),
(2597, 'Flame Ghost', 3, 3, 21, 6, 1000, 800),
(2598, 'Zombie Warrior', 3, 3, 21, 6, 1200, 900),
(2599, 'Invoked Caliga', 3, 4, 2, 6, 1000, 1800),
(2600, 'Darkfire Dragon', 3, 4, 4, 6, 1500, 1250),
(2601, 'Doom Virus Dragon', 3, 4, 4, 6, 1900, 1500),
(2602, 'Elder Entity Norden', 3, 4, 5, 1, 2000, 2200),
(2603, 'Neo-Spacian Twinkle Moss', 3, 4, 10, 3, 500, 1100),
(2604, 'Kamionwizard', 3, 4, 16, 6, 1300, 1100),
(2605, 'Karbonala Warrior', 3, 4, 18, 2, 1500, 1200),
(2606, 'Rocket Hermos Cannon', 3, 4, 18, 3, 1500, 1300),
(2607, 'Mavelus', 3, 4, 19, 5, 1300, 900),
(2608, 'Amphibious Bugroth', 3, 5, 1, 1, 1850, 1300),
(2609, 'Gladiator Beast Essedarii', 3, 5, 2, 2, 2500, 1400),
(2610, 'Ojama Knight', 3, 5, 2, 3, 0, 2500),
(2611, 'Pragtical', 3, 5, 22, 2, 1900, 1500),
(2612, 'Alligator\'s Sword Dragon', 3, 5, 4, 5, 1700, 1500),
(2613, 'Fiend Skull Dragon', 3, 5, 4, 5, 2000, 1200),
(2614, 'Gem-Knight Seraphinite', 3, 5, 5, 2, 2300, 1400),
(2615, 'Barox', 3, 5, 6, 6, 1380, 1530),
(2616, 'Frightfur Sheep', 3, 5, 6, 6, 2000, 2000),
(2617, 'Deepsea Shark', 3, 5, 7, 1, 1900, 1600),
(2618, 'Marine Beast', 3, 5, 7, 1, 1700, 1600),
(2619, 'Pair Cycroid', 3, 5, 9, 2, 1600, 1200),
(2620, 'Panzer Dragon', 3, 5, 9, 3, 1000, 2600),
(2621, 'Vermillion Sparrow', 3, 5, 12, 4, 1900, 1500),
(2622, 'Gem-Knight Lady Lapis Lazuli', 3, 5, 14, 2, 2400, 1000),
(2623, 'Musician King', 3, 5, 16, 3, 1750, 1500),
(2624, 'Kaminari Attack', 3, 5, 17, 5, 1900, 1400),
(2625, 'Elemental HERO Mariner', 3, 5, 18, 1, 1400, 1000),
(2626, 'Flame Swordsman', 3, 5, 18, 4, 1800, 1600),
(2627, 'Giltia the D. Knight', 3, 5, 18, 3, 1850, 1500),
(2628, 'Invoked Raidjin', 3, 5, 18, 5, 2200, 2400),
(2629, 'Sea Monster of Theseus', 3, 5, 21, 1, 2200, 1800),
(2630, 'Gem-Knight Aquamarine', 3, 6, 1, 2, 1400, 2600),
(2631, 'Ritual Beast Ulti-Pettlephin', 3, 6, 1, 5, 200, 2800),
(2632, 'Roaring Ocean Snake', 3, 6, 1, 1, 2100, 1800),
(2633, 'Chimera the Flying Mythical Beast', 3, 6, 2, 5, 2100, 1800),
(2634, 'Koalo-Koala', 3, 6, 2, 2, 2800, 200),
(2635, 'Bracchio-raidus', 3, 6, 22, 1, 2200, 2000),
(2636, 'Twin Photon Lizard', 3, 6, 4, 3, 2400, 1000),
(2637, 'Mokey Mokey King', 3, 6, 5, 3, 300, 100),
(2638, 'Schuberta the Melodious Maestra', 3, 6, 5, 3, 2400, 2000),
(2639, 'Evil HERO Infernal Sniper', 3, 6, 6, 4, 2000, 2500),
(2640, 'Evil HERO Inferno Wing', 3, 6, 6, 4, 2100, 1200),
(2641, 'Evil HERO Lightning Golem', 3, 6, 6, 3, 2400, 1500),
(2642, 'Frightfur Tiger', 3, 6, 6, 6, 1900, 1200),
(2643, 'Frightfur Wolf', 3, 6, 6, 6, 2000, 1500),
(2644, 'Soul Hunter', 3, 6, 6, 6, 2200, 1800),
(2645, 'Ignition Beast Volcannon', 3, 6, 9, 2, 2300, 1600),
(2646, 'Metal Dragon', 3, 6, 9, 5, 1850, 1700),
(2647, 'Steam Gyroid', 3, 6, 9, 2, 2200, 1600),
(2648, 'Super Robolady', 3, 6, 9, 2, 1200, 500),
(2649, 'Super Roboyarou', 3, 6, 9, 2, 1200, 500),
(2650, 'VW-Tiger Catapult', 3, 6, 9, 3, 2000, 2100),
(2651, 'XY-Dragon Cannon', 3, 6, 9, 3, 2200, 1900),
(2652, 'YZ-Tank Dragon', 3, 6, 9, 3, 2100, 2200),
(2653, 'Rose Spectre of Dunn', 3, 6, 10, 6, 2000, 1800),
(2654, 'El Shaddoll Wendigo', 3, 6, 11, 5, 200, 2800),
(2655, 'Metalfoes Mithrilium', 3, 6, 11, 4, 2600, 1000),
(2656, 'Gem-Knight Ruby', 3, 6, 12, 2, 2500, 1300),
(2657, 'Mystical Sand', 3, 6, 14, 2, 2100, 1700),
(2658, 'Sanwitch', 3, 6, 16, 6, 2100, 1800),
(2659, 'Gem-Knight Topaz', 3, 6, 17, 2, 1800, 1800),
(2660, 'Ritual Beast Ulti-Cannahawk', 3, 6, 17, 5, 1400, 1600),
(2661, 'Dark Flare Knight', 3, 6, 18, 6, 2200, 800),
(2662, 'Destiny HERO - Dangerous', 3, 6, 18, 6, 2000, 2600),
(2663, 'Elemental HERO Darkbright', 3, 6, 18, 6, 2000, 1000),
(2664, 'Elemental HERO Flame Wingman', 3, 6, 18, 5, 2100, 1200),
(2665, 'Elemental HERO Gaia', 3, 6, 18, 2, 2200, 2600),
(2666, 'Elemental HERO Mudballman', 3, 6, 18, 2, 1900, 3000),
(2667, 'Elemental HERO Phoenix Enforcer', 3, 6, 18, 4, 2100, 1200),
(2668, 'Elemental HERO Rampart Blaster', 3, 6, 18, 2, 2000, 2500),
(2669, 'Elemental HERO Thunder Giant', 3, 6, 18, 3, 2400, 1500),
(2670, 'Empress Judge', 3, 6, 18, 2, 2100, 1700),
(2671, 'Masked HERO Blast', 3, 6, 18, 5, 2200, 1800),
(2672, 'Masked HERO Dark Law', 3, 6, 18, 6, 2400, 1800),
(2673, 'Masked HERO Goka', 3, 6, 18, 4, 2200, 1800),
(2674, 'Masked HERO Vapor', 3, 6, 18, 1, 2400, 2000),
(2675, 'Ryu Senshi', 3, 6, 18, 2, 2000, 1200),
(2676, 'Warrior of Tradition', 3, 6, 18, 2, 1900, 1700),
(2677, 'Crimson Sunbird', 3, 6, 19, 4, 2300, 1800),
(2678, 'Gladiator Beast Gyzarus', 3, 6, 19, 6, 2400, 1500),
(2679, 'Punished Eagle', 3, 6, 19, 5, 2100, 1800),
(2680, 'Skullbird', 3, 6, 19, 5, 1900, 1700),
(2681, 'Great Mammoth of Goldfine', 3, 6, 21, 6, 2200, 1800),
(2682, 'Skelgon', 3, 6, 21, 6, 1700, 1900),
(2683, 'Gem-Knight Amethyst', 3, 7, 1, 2, 1950, 2450),
(2684, 'Humanoid Worm Drake', 3, 7, 1, 1, 2200, 2000),
(2685, 'Amazoness Pet Liger', 3, 7, 2, 2, 2500, 2400),
(2686, 'Lunalight Cat Dancer', 3, 7, 3, 6, 2400, 2000),
(2687, 'Dark Magician Girl the Dragon Knight', 3, 7, 4, 6, 2600, 1700),
(2688, 'Gaia the Dragon Champion', 3, 7, 4, 5, 2600, 2100),
(2689, 'Kaiser Dragon', 3, 7, 4, 3, 2300, 2000),
(2690, 'King Dragun', 3, 7, 4, 6, 2400, 1100),
(2691, 'Odd-Eyes Vortex Dragon', 3, 7, 4, 5, 2500, 3000),
(2692, 'Red-Eyes Black Dragon Sword', 3, 7, 4, 6, 2400, 2000),
(2693, 'Sky Galloping Gaia the Dragon Champion', 3, 7, 4, 5, 2600, 2100),
(2694, 'Thousand Dragon', 3, 7, 4, 5, 2400, 2000),
(2695, 'Bloom Prima the Melodious Choir', 3, 7, 5, 3, 1900, 2000),
(2696, 'St. Joan', 3, 7, 5, 3, 2800, 2000),
(2697, 'Bickuribox', 3, 7, 6, 6, 2300, 2000),
(2698, 'Frightfur Leo', 3, 7, 6, 6, 2400, 2000),
(2699, 'Invoked Purgatrio', 3, 7, 6, 4, 2300, 2000),
(2700, 'Cyber Ogre 2', 3, 7, 9, 2, 2600, 1900),
(2701, 'Gem-Knight Citrine', 3, 7, 12, 2, 2200, 1950),
(2702, 'El Shaddoll Grysta', 3, 7, 14, 4, 2450, 1950),
(2703, 'Multiple Piece Golem', 3, 7, 14, 2, 2600, 1300),
(2704, 'Skull Knight', 3, 7, 16, 6, 2650, 2250),
(2705, 'Twin-Headed Thunder Dragon', 3, 7, 17, 3, 2800, 2100),
(2706, 'Cyber Blader', 3, 7, 18, 2, 2100, 800),
(2707, 'Elemental HERO Air Neos', 3, 7, 18, 5, 2500, 2000),
(2708, 'Elemental HERO Aqua Neos', 3, 7, 18, 1, 2500, 2000),
(2709, 'Elemental HERO Dark Neos', 3, 7, 18, 6, 2500, 2000),
(2710, 'Elemental HERO Grand Neos', 3, 7, 18, 2, 2500, 2000),
(2711, 'Elemental HERO Neos Knight', 3, 7, 18, 3, 2500, 1000),
(2712, 'D.3.S. Frog', 3, 8, 1, 1, 2500, 2000),
(2713, 'Gladiator Beast Heraklinos', 3, 8, 3, 4, 3000, 2800),
(2714, 'Lunalight Panther Dancer', 3, 8, 3, 6, 2800, 2500),
(2715, 'Amulet Dragon', 3, 8, 4, 6, 2900, 2500),
(2716, 'Beast-Eyes Pendulum Dragon', 3, 8, 4, 2, 3000, 2000),
(2717, 'Dinoster Power, the Mighty Dracoslayer', 3, 8, 4, 1, 2000, 2950),
(2718, 'Dragonecro Nethersoul Dragon', 3, 8, 4, 6, 3000, 0),
(2719, 'Meteor Black Comet Dragon', 3, 8, 4, 6, 3500, 2000),
(2720, 'Performapal Odd-Eyes Metal Claw', 3, 8, 4, 6, 3000, 3000),
(2721, 'Rune-Eyes Pendulum Dragon', 3, 8, 4, 6, 3000, 2000),
(2722, 'Starving Venom Fusion Dragon', 3, 8, 4, 6, 2800, 2000),
(2723, 'Superalloy Beast Raptinus', 3, 8, 4, 3, 2200, 2200),
(2724, 'Tyrant Burst Dragon', 3, 8, 4, 3, 2900, 2500),
(2725, 'El Shaddoll Construct', 3, 8, 5, 3, 2800, 2500),
(2726, 'Evil HERO Dark Gaia', 3, 8, 6, 2, 0, 0),
(2727, 'Evil HERO Wild Cyclone', 3, 8, 6, 2, 1900, 2300),
(2728, 'Frightfur Kraken', 3, 8, 6, 1, 2200, 3000),
(2729, 'ABC-Dragon Buster', 3, 8, 9, 3, 3000, 2800),
(2730, 'Ancient Gear Howitzer', 3, 8, 9, 2, 1000, 1800),
(2731, 'Chimeratech Fortress Dragon', 3, 8, 9, 6, 0, 0),
(2732, 'Cyber Twin Dragon', 3, 8, 9, 3, 2800, 2100),
(2733, 'Cyberdark Dragon', 3, 8, 9, 6, 1000, 1000),
(2734, 'Super Vehicroid Jumbo Drill', 3, 8, 9, 2, 3000, 2000),
(2735, 'Predaplant Dragostapelia', 3, 8, 10, 6, 2700, 1900),
(2736, 'Metalfoes Orichalc', 3, 8, 11, 4, 2800, 2200),
(2737, 'Blaze Fenix, the Burning Bombardment Bird', 3, 8, 12, 4, 2800, 2300),
(2738, 'Elemental HERO Inferno', 3, 8, 12, 4, 2300, 1600),
(2739, 'Gem-Knight Zirconia', 3, 8, 14, 2, 2900, 2500),
(2740, 'Invoked Magellanica', 3, 8, 14, 2, 3000, 3300),
(2741, 'Dark Paladin', 3, 8, 16, 6, 2900, 2400),
(2742, 'Windwitch - Crystal Bell', 3, 8, 16, 5, 2800, 2400),
(2743, 'Elemental HERO Absolute Zero', 3, 8, 18, 1, 2500, 2000),
(2744, 'Elemental HERO Escuridao', 3, 8, 18, 6, 2500, 2000),
(2745, 'Elemental HERO Great Tornado', 3, 8, 18, 5, 2800, 2200),
(2746, 'Elemental HERO Marine Neos', 3, 8, 18, 1, 2800, 2300),
(2747, 'Elemental HERO Nova Master', 3, 8, 18, 4, 2600, 2100),
(2748, 'Elemental HERO Plasma Vice', 3, 8, 18, 2, 2600, 2300),
(2749, 'Elemental HERO Shining Flare Wingman', 3, 8, 18, 3, 2500, 2100),
(2750, 'Elemental HERO Tempest', 3, 8, 18, 5, 2800, 2800),
(2751, 'Elemental HERO Terra Firma', 3, 8, 18, 2, 2500, 2000),
(2752, 'Elemental HERO The Shining', 3, 8, 18, 3, 2600, 2100),
(2753, 'Elemental HERO Wild Wingman', 3, 8, 18, 2, 1900, 2300),
(2754, 'Elemental HERO Wildedge', 3, 8, 18, 2, 2600, 2300),
(2755, 'Masked HERO Acid', 3, 8, 18, 1, 2600, 2100),
(2756, 'Masked HERO Anki', 3, 8, 18, 6, 2800, 1200),
(2757, 'Masked HERO Dian', 3, 8, 18, 2, 2800, 3000),
(2758, 'Masked HERO Divine Wind', 3, 8, 18, 5, 2700, 1900),
(2759, 'Masked HERO Koga', 3, 8, 18, 3, 2500, 1800),
(2760, 'Vision HERO Adoration', 3, 8, 18, 6, 2800, 2100),
(2761, 'Vision HERO Trinity', 3, 8, 18, 6, 2500, 2000),
(2762, 'Gladiator Beast Nerokius', 3, 8, 19, 6, 2800, 1900),
(2763, 'Master of Oz', 3, 9, 2, 2, 4200, 3700),
(2764, 'Archfiend Black Skull Dragon', 3, 9, 4, 6, 3200, 2500),
(2765, 'B. Skull Dragon', 3, 9, 4, 6, 3200, 2500),
(2766, 'First of the Dragons', 3, 9, 4, 6, 2700, 2000),
(2767, 'Dante, Pilgrim of the Burning Abyss', 3, 9, 5, 3, 2800, 2500),
(2768, 'El Shaddoll Anoyatyllis', 3, 9, 6, 1, 2700, 2000),
(2769, 'Chimeratech Overdragon', 3, 9, 9, 6, 0, 0),
(2770, 'Invoked Mechaba', 3, 9, 9, 3, 2500, 2100),
(2771, 'Super Vehicroid - Stealth Union', 3, 9, 9, 2, 3600, 3000),
(2772, 'Metalfoes Crimsonite', 3, 9, 11, 4, 3000, 3000),
(2773, 'Gem-Knight Master Diamond', 3, 9, 14, 2, 2900, 2500),
(2774, 'Arcana Knight Joker', 3, 9, 18, 3, 3800, 2500),
(2775, 'Contrast HERO Chaos', 3, 9, 18, 6, 3000, 2600),
(2776, 'Elemental HERO Chaos Neos', 3, 9, 18, 6, 3000, 2500),
(2777, 'Elemental HERO Storm Neos', 3, 9, 18, 5, 3000, 2500),
(2778, 'Gaia Drake, the Universal Force', 3, 10, 3, 2, 3500, 2800),
(2779, 'Lunalight Leo Dancer', 3, 10, 3, 6, 3500, 3000),
(2780, 'Blue-Eyes Twin Burst Dragon', 3, 10, 4, 3, 3000, 2500),
(2781, 'Dragon Knight Draco-Equiste', 3, 10, 4, 5, 3200, 2000),
(2782, 'Greedy Venom Fusion Dragon', 3, 10, 4, 6, 3300, 2500),
(2783, 'Invoked Elysium', 3, 10, 5, 3, 3200, 4000),
(2784, 'Crimson Nova Trinity the Dark Cubic Lord', 3, 10, 6, 6, 4500, 3000),
(2785, 'A-to-Z-Dragon Buster Cannon', 3, 10, 9, 3, 4000, 4000),
(2786, 'Chaos Ancient Gear Giant', 3, 10, 9, 6, 4500, 3000),
(2787, 'Cyber End Dragon', 3, 10, 9, 3, 4000, 2800),
(2788, 'Cyberdarkness Dragon', 3, 10, 9, 6, 2000, 2000),
(2789, 'El Shaddoll Shekhinaga', 3, 10, 9, 2, 2600, 3000),
(2790, 'Super Vehicroid - Mobile Base', 3, 10, 9, 2, 0, 5000),
(2791, 'UFOroid Fighter', 3, 10, 9, 3, 0, 0),
(2792, 'Ultimate Ancient Gear Golem', 3, 10, 9, 2, 4400, 3400),
(2793, 'Ritual Beast Ulti-Gaiapelio', 3, 10, 11, 3, 3200, 2100),
(2794, 'Ultimate Axon Kicker', 3, 10, 11, 3, 2900, 1700),
(2795, 'Worm Zero', 3, 10, 13, 3, 0, 0),
(2796, 'Gem-Knight Lady Brilliant Diamond', 3, 10, 14, 2, 3400, 2000),
(2797, 'Imperion Magnum the Superconductive Battlebot', 3, 10, 14, 2, 4000, 4000),
(2798, 'Supreme Arcanite Magician', 3, 10, 16, 3, 1400, 2800),
(2799, 'Destiny End Dragoon', 3, 10, 18, 6, 3000, 3000),
(2800, 'Elemental HERO Electrum', 3, 10, 18, 3, 2900, 2600),
(2801, 'Goyo Emperor', 3, 10, 18, 2, 3300, 2500),
(2802, 'Timaeus the Knight of Destiny', 3, 10, 18, 3, 0, 0),
(2803, 'Blue-Eyes Ultimate Dragon', 3, 12, 4, 3, 4500, 3800),
(2804, 'Dragon Master Knight', 3, 12, 4, 3, 5000, 5000),
(2805, 'Neo Blue-Eyes Ultimate Dragon', 3, 12, 4, 3, 4500, 3800),
(2806, 'Armityle the Chaos Phantom', 3, 12, 6, 6, 0, 0),
(2807, 'Barbaroid, the Ultimate Battle Machine', 3, 12, 9, 2, 4000, 4000),
(2808, 'Elemental HERO Divine Neos', 3, 12, 18, 3, 2500, 2500),
(2809, 'Chemicritter Oxy Ox', 4, 2, 2, 5, 0, 2100),
(2810, 'Gemini Soldier', 4, 2, 18, 5, 500, 300),
(2811, 'Chemicritter Hydron Hawk', 4, 2, 19, 1, 1400, 700),
(2812, 'Magical Reflect Slime', 4, 3, 1, 1, 700, 1200),
(2813, 'Dawnbreak Gardna', 4, 3, 18, 3, 1500, 500),
(2814, 'Aquarian Alessa', 4, 4, 1, 1, 1500, 500),
(2815, 'Gem-Knight Iolite', 4, 4, 1, 2, 1300, 2000),
(2816, 'Lucky Pied Piper', 4, 4, 5, 5, 1500, 500),
(2817, 'Infinity Dark', 4, 4, 6, 6, 1500, 1200),
(2818, 'Shadow Delver', 4, 4, 6, 6, 1500, 500),
(2819, 'Phantom Dragonray Bronto', 4, 4, 7, 1, 1500, 1000),
(2820, 'Blazewing Butterfly', 4, 4, 8, 4, 1500, 1500),
(2821, 'Ancient Gear Knight', 4, 4, 9, 2, 1800, 500),
(2822, 'Gem-Knight Sardonyx', 4, 4, 12, 2, 1800, 900),
(2823, 'Alien Hypno', 4, 4, 13, 1, 1600, 700),
(2824, 'Goggle Golem', 4, 4, 14, 2, 1500, 500),
(2825, 'Gemini Lancer', 4, 4, 15, 1, 1800, 1400),
(2826, 'Crusader of Endymion', 4, 4, 16, 3, 1900, 1200),
(2827, 'Tuned Magician', 4, 4, 16, 5, 1800, 1600),
(2828, 'Gem-Knight Amber', 4, 4, 17, 2, 1600, 1400),
(2829, 'Elemental HERO Neos Alius', 4, 4, 18, 3, 1900, 1300),
(2830, 'Knight Day Grepher', 4, 4, 18, 3, 1700, 1600),
(2831, 'Heavy Knight of the Flame', 4, 4, 21, 4, 1800, 200),
(2832, 'King Pyron', 4, 5, 12, 4, 1500, 500),
(2833, 'Hieratic Seal of the Dragon King', 4, 6, 4, 3, 0, 0),
(2834, 'Meteor Dragon Red-Eyes Impact', 4, 6, 4, 6, 1800, 2000),
(2835, 'Red-Eyes Archfiend of Lightning', 4, 6, 6, 6, 2500, 1200),
(2836, 'Gigaplant', 4, 6, 10, 2, 2400, 1200),
(2837, 'Il Blud', 4, 6, 21, 6, 2100, 800),
(2838, 'Red-Eyes Black Flare Dragon', 4, 7, 4, 6, 2400, 2000),
(2839, 'Darkstorm Dragon', 4, 8, 4, 6, 2700, 2500),
(2840, 'Poly-Chemicritter Dioxogre', 4, 8, 6, 6, 2800, 200),
(2841, 'Phoenix Gearfried', 4, 8, 18, 4, 2800, 2200),
(2842, 'Change Slime', 5, 1, 1, 1, 400, 300),
(2843, 'Oppressed People', 5, 1, 1, 1, 400, 2000),
(2844, 'Bunilla', 5, 1, 2, 2, 150, 2050),
(2845, 'Dancing Elf', 5, 1, 5, 5, 300, 200),
(2846, 'Key Mace', 5, 1, 5, 3, 400, 300),
(2847, 'Mokey Mokey', 5, 1, 5, 3, 300, 100),
(2848, 'Fungi of the Musk', 5, 1, 6, 6, 400, 300),
(2849, 'Goblin Calligrapher', 5, 1, 6, 6, 400, 400),
(2850, 'White Duston', 5, 1, 6, 3, 0, 1000),
(2851, 'Petit Moth', 5, 1, 8, 2, 300, 200),
(2852, 'Bat', 5, 1, 9, 5, 300, 350),
(2853, 'Unicycular', 5, 1, 9, 2, 100, 100),
(2854, 'Dark Plant', 5, 1, 10, 6, 300, 400),
(2855, 'Charcoal Inpachi', 5, 1, 12, 4, 100, 2100),
(2856, 'Volcanic Rat', 5, 1, 12, 4, 500, 500),
(2857, 'Gigobyte', 5, 1, 13, 1, 350, 300),
(2858, 'Ancient Jar', 5, 1, 14, 2, 400, 200),
(2859, 'Left Arm of the Forbidden One', 5, 1, 16, 6, 200, 300),
(2860, 'Left Leg of the Forbidden One', 5, 1, 16, 6, 200, 300),
(2861, 'Right Arm of the Forbidden One', 5, 1, 16, 6, 200, 300),
(2862, 'Right Leg of the Forbidden One', 5, 1, 16, 6, 200, 300),
(2863, 'Thousand-Eyes Idol', 5, 1, 16, 6, 0, 0),
(2864, 'Bone Mouse', 5, 1, 21, 6, 400, 300),
(2865, 'Shadow Specter', 5, 1, 21, 6, 500, 200),
(2866, 'Skull Servant', 5, 1, 21, 6, 300, 200),
(2867, 'Hitodenchak', 5, 2, 1, 1, 600, 700),
(2868, 'Psychic Kappa', 5, 2, 1, 1, 400, 1000),
(2869, 'Slime Toad', 5, 2, 1, 1, 700, 500),
(2870, 'Turu-Purun', 5, 2, 1, 1, 450, 500),
(2871, 'Zarigun', 5, 2, 1, 1, 600, 700),
(2872, 'Archfiend Marmot of Nefariousness', 5, 2, 2, 2, 400, 600),
(2873, 'Dig Beak', 5, 2, 2, 2, 500, 800),
(2874, 'Meotoko', 5, 2, 2, 2, 700, 600),
(2875, 'Ojama Black', 5, 2, 2, 3, 0, 1000),
(2876, 'Ojama Green', 5, 2, 2, 3, 0, 1000),
(2877, 'Ojama Yellow', 5, 2, 2, 3, 0, 1000),
(2878, 'Digitron', 5, 2, 24, 2, 1500, 0),
(2879, 'Tomozaurus', 5, 2, 22, 2, 500, 400),
(2880, 'Petit Dragon', 5, 2, 4, 5, 600, 700),
(2881, 'Yamatano Dragon Scroll', 5, 2, 4, 5, 900, 300),
(2882, 'Hourglass of Life', 5, 2, 5, 3, 700, 600),
(2883, 'Mystical Capture Chain', 5, 2, 5, 3, 700, 700),
(2884, 'Mystical Shine Ball', 5, 2, 5, 3, 500, 500),
(2885, 'Weather Control', 5, 2, 5, 3, 600, 400),
(2886, 'Archfiend Mirror', 5, 2, 6, 6, 700, 600),
(2887, 'Candle of Fate', 5, 2, 6, 6, 600, 600),
(2888, 'Embryonic Beast', 5, 2, 6, 6, 500, 750),
(2889, 'Madjinn Gunn', 5, 2, 6, 6, 600, 800),
(2890, 'Meda Bat', 5, 2, 6, 6, 800, 400),
(2891, 'Mystery Hand', 5, 2, 6, 6, 500, 500),
(2892, 'Souls of the Forgotten', 5, 2, 6, 6, 900, 200),
(2893, 'Wretched Ghost of the Attic', 5, 2, 6, 6, 550, 400),
(2894, 'Fiend Scorpion', 5, 2, 8, 2, 900, 200),
(2895, 'Ganigumo', 5, 2, 8, 2, 600, 800),
(2896, 'Korogashi', 5, 2, 8, 2, 550, 400),
(2897, 'Winged Cleaver', 5, 2, 8, 2, 700, 700),
(2898, 'Bokoichi the Freightening Car', 5, 2, 9, 6, 500, 500),
(2899, 'Cyber Commander', 5, 2, 9, 6, 750, 700),
(2900, 'Abyss Flower', 5, 2, 10, 2, 750, 400),
(2901, 'Firegrass', 5, 2, 10, 2, 700, 600),
(2902, 'Laughing Flower', 5, 2, 10, 2, 900, 500),
(2903, 'Man-Eating Plant', 5, 2, 10, 2, 800, 600),
(2904, 'Mushroom Man', 5, 2, 10, 2, 800, 600),
(2905, 'Tentacle Plant', 5, 2, 10, 1, 500, 600),
(2906, 'Yashinoki', 5, 2, 10, 2, 800, 600),
(2907, 'Flame Dancer', 5, 2, 12, 4, 550, 450),
(2908, 'Flame Viper', 5, 2, 12, 2, 400, 450),
(2909, 'People Running About', 5, 2, 12, 4, 600, 600),
(2910, 'Mechaleon', 5, 2, 13, 1, 800, 600),
(2911, 'Pot the Trick', 5, 2, 14, 2, 400, 400),
(2912, 'Atlantean Pikeman', 5, 2, 15, 1, 1400, 0),
(2913, 'Boo Koo', 5, 2, 16, 6, 650, 500),
(2914, 'Curtain of the Dark Ones', 5, 2, 16, 6, 600, 500);
INSERT INTO `cards` (`id`, `name`, `type_id`, `level`, `race_id`, `attribute_id`, `atk`, `def`) VALUES
(2915, 'Hurricail', 5, 2, 16, 5, 900, 200),
(2916, 'Lucky Trinket', 5, 2, 16, 3, 600, 800),
(2917, 'Phantom Dewan', 5, 2, 16, 6, 700, 600),
(2918, 'Sectarian of Secrets', 5, 2, 16, 6, 700, 500),
(2919, 'The Bewitching Phantom Thief', 5, 2, 16, 6, 700, 700),
(2920, 'LaLa Li-Oon', 5, 2, 17, 5, 600, 600),
(2921, 'Mega Thunderball', 5, 2, 17, 5, 750, 600),
(2922, 'Thunder Kid', 5, 2, 17, 5, 700, 600),
(2923, 'Doron', 5, 2, 18, 2, 900, 500),
(2924, 'Eyearmor', 5, 2, 18, 2, 600, 500),
(2925, 'Kagemusha of the Blue Flame', 5, 2, 18, 2, 800, 400),
(2926, 'Kageningen', 5, 2, 18, 6, 800, 600),
(2927, 'Masked Clown', 5, 2, 18, 6, 500, 700),
(2928, 'Harpie Girl', 5, 2, 19, 5, 500, 500),
(2929, 'Fiend\'s Hand', 5, 2, 21, 6, 600, 600),
(2930, 'Fire Reaper', 5, 2, 21, 6, 700, 500),
(2931, 'Mech Mole Zombie', 5, 2, 21, 6, 500, 400),
(2932, 'Phantom Ghost', 5, 2, 21, 6, 600, 800),
(2933, 'Pharaoh\'s Servant', 5, 2, 21, 6, 900, 0),
(2934, 'Aqua Snake', 5, 3, 1, 1, 1050, 900),
(2935, 'Boneheimer', 5, 3, 1, 1, 850, 400),
(2936, 'Dorover', 5, 3, 1, 1, 900, 800),
(2937, 'Gruesome Goo', 5, 3, 1, 1, 1300, 700),
(2938, 'Ice Water', 5, 3, 1, 1, 1150, 900),
(2939, 'Kappa Avenger', 5, 3, 1, 1, 1200, 900),
(2940, 'Monsturtle', 5, 3, 1, 1, 800, 1000),
(2941, 'The Furious Sea King', 5, 3, 1, 1, 800, 700),
(2942, 'Toad Master', 5, 3, 1, 1, 1000, 1000),
(2943, 'Turtle Raccoon', 5, 3, 1, 1, 700, 900),
(2944, 'Twin Long Rods 2', 5, 3, 1, 1, 850, 700),
(2945, 'Water Element', 5, 3, 1, 1, 900, 700),
(2946, 'Waterdragon Fairy', 5, 3, 1, 1, 1100, 700),
(2947, 'Armored Rat', 5, 3, 2, 2, 950, 1100),
(2948, 'Burglar', 5, 3, 2, 2, 850, 800),
(2949, 'Chu-Ske the Mouse Fighter', 5, 3, 2, 2, 1200, 0),
(2950, 'Dark Gray', 5, 3, 2, 2, 800, 900),
(2951, 'Gate Deeg', 5, 3, 2, 6, 700, 800),
(2952, 'Nekogal 1', 5, 3, 2, 2, 1100, 900),
(2953, 'Obese Marmot of Nefariousness', 5, 3, 2, 2, 750, 800),
(2954, 'Synchar', 5, 3, 2, 2, 800, 900),
(2955, 'The All-Seeing White Tiger', 5, 3, 2, 5, 1300, 500),
(2956, 'Wolf', 5, 3, 2, 2, 1200, 800),
(2957, 'Mountain Warrior', 5, 3, 3, 2, 600, 1000),
(2958, 'Anthrosaurus', 5, 3, 22, 2, 1000, 850),
(2959, 'Little D', 5, 3, 22, 2, 1100, 700),
(2960, 'Mammoth Graveyard', 5, 3, 22, 2, 1200, 800),
(2961, 'Trakodon', 5, 3, 22, 2, 1300, 800),
(2962, 'Two-Mouth Darkruler', 5, 3, 22, 2, 900, 700),
(2963, 'Lizard Soldier', 5, 3, 4, 5, 1100, 800),
(2964, 'One-Eyed Shield Dragon', 5, 3, 4, 5, 700, 1300),
(2965, 'Wicked Dragon with the Ersatz Head', 5, 3, 4, 5, 900, 900),
(2966, 'Binding Chain', 5, 3, 5, 3, 1000, 1100),
(2967, 'Bio-Mage', 5, 3, 5, 3, 1150, 1000),
(2968, 'Lunar Queen Elzaim', 5, 3, 5, 3, 750, 1100),
(2969, 'Muse-A', 5, 3, 5, 3, 850, 900),
(2970, 'Petit Angel', 5, 3, 5, 3, 600, 900),
(2971, 'Soitsu', 5, 3, 5, 5, 0, 0),
(2972, 'Tenderness', 5, 3, 5, 3, 700, 1400),
(2973, 'Ancient Brain', 5, 3, 6, 6, 1000, 700),
(2974, 'Bio Plant', 5, 3, 6, 6, 600, 1300),
(2975, 'Claw Reacher', 5, 3, 6, 6, 1000, 800),
(2976, 'Dark King of the Abyss', 5, 3, 6, 6, 1200, 800),
(2977, 'Dark Shade', 5, 3, 6, 5, 1000, 1000),
(2978, 'Dokuroyaiba', 5, 3, 6, 4, 1000, 400),
(2979, 'Gorgon Egg', 5, 3, 6, 6, 300, 1300),
(2980, 'Job-Change Mirror', 5, 3, 6, 6, 800, 1300),
(2981, 'Megirus Light', 5, 3, 6, 6, 900, 600),
(2982, 'Ryu-Kishin', 5, 3, 6, 6, 1000, 500),
(2983, 'The Drdek', 5, 3, 6, 6, 700, 800),
(2984, 'The Shadow Who Controls the Dark', 5, 3, 6, 6, 800, 700),
(2985, 'Enchanting Mermaid', 5, 3, 7, 1, 1200, 900),
(2986, 'Root Water', 5, 3, 7, 1, 900, 800),
(2987, 'Acid Crawler', 5, 3, 8, 2, 900, 700),
(2988, 'Alinsection', 5, 3, 8, 2, 950, 700),
(2989, 'Giant Scorpion of the Tundra', 5, 3, 8, 2, 1100, 1000),
(2990, 'Kumootoko', 5, 3, 8, 2, 700, 1400),
(2991, 'Nightmare Scorpion', 5, 3, 8, 2, 900, 800),
(2992, 'Acrobat Monkey', 5, 3, 9, 2, 1000, 1800),
(2993, 'Cycroid', 5, 3, 9, 2, 800, 1000),
(2994, 'Holograh', 5, 3, 9, 2, 1100, 700),
(2995, 'Mechanical Snail', 5, 3, 9, 6, 800, 1000),
(2996, 'Roboyarou', 5, 3, 9, 2, 900, 450),
(2997, 'Shovel Crusher', 5, 3, 9, 2, 900, 1200),
(2998, 'Arlownay', 5, 3, 10, 2, 800, 1000),
(2999, 'Barrel Lily', 5, 3, 10, 2, 1100, 600),
(3000, 'Darkworld Thorns', 5, 3, 10, 2, 1200, 900),
(3001, 'Green Phantom King', 5, 3, 10, 2, 500, 1600),
(3002, 'Jerry Beans Man', 5, 3, 10, 2, 1750, 0),
(3003, 'Living Vase', 5, 3, 10, 2, 900, 1100),
(3004, 'Beaked Snake', 5, 3, 13, 2, 800, 900),
(3005, 'Drooling Lizard', 5, 3, 13, 2, 900, 800),
(3006, 'Yormungarde', 5, 3, 13, 2, 1200, 900),
(3007, 'Dissolverock', 5, 3, 14, 2, 900, 1000),
(3008, 'Giant Soldier of Stone', 5, 3, 14, 2, 1300, 2000),
(3009, 'Rock Ogre Grotto 1', 5, 3, 14, 2, 800, 1200),
(3010, 'Spherous Lady', 5, 3, 14, 2, 400, 1400),
(3011, 'Stone Armadiller', 5, 3, 14, 2, 800, 1200),
(3012, 'Akakieisu', 5, 3, 16, 6, 1000, 800),
(3013, 'Eldeen', 5, 3, 16, 3, 950, 1000),
(3014, 'Fairywitch', 5, 3, 16, 6, 800, 1000),
(3015, 'Flame Manipulator', 5, 3, 16, 4, 900, 1000),
(3016, 'Genin', 5, 3, 16, 3, 600, 900),
(3017, 'Lady of Faith', 5, 3, 16, 3, 1100, 800),
(3018, 'Saggi the Dark Clown', 5, 3, 16, 6, 600, 1500),
(3019, 'Sealmaster Meisei', 5, 3, 16, 6, 1100, 900),
(3020, 'Tao the Chanter', 5, 3, 16, 2, 1200, 900),
(3021, 'Bolt Penguin', 5, 3, 17, 1, 1100, 800),
(3022, 'Lightning Conger', 5, 3, 17, 1, 350, 750),
(3023, 'Wattkid', 5, 3, 17, 3, 1000, 500),
(3024, 'Armaill', 5, 3, 18, 2, 700, 1300),
(3025, 'Battle Warrior', 5, 3, 18, 2, 700, 1000),
(3026, 'Chamberlain of the Six Samurai', 5, 3, 18, 2, 200, 2000),
(3027, 'Dragon Statue', 5, 3, 18, 2, 1100, 900),
(3028, 'Elemental HERO Avian', 5, 3, 18, 5, 1000, 1000),
(3029, 'Elemental HERO Burstinatrix', 5, 3, 18, 4, 1200, 800),
(3030, 'Hard Armor', 5, 3, 18, 2, 300, 1200),
(3031, 'Hyo', 5, 3, 18, 1, 800, 1200),
(3032, 'M-Warrior 1', 5, 3, 18, 2, 1000, 500),
(3033, 'Monster Egg', 5, 3, 18, 2, 600, 900),
(3034, 'Science Soldier', 5, 3, 18, 6, 800, 800),
(3035, 'Skull Stalker', 5, 3, 18, 6, 900, 800),
(3036, 'Sonic Maid', 5, 3, 18, 2, 1200, 900),
(3037, 'Stuffed Animal', 5, 3, 18, 2, 1200, 900),
(3038, 'Supporter in the Shadows', 5, 3, 18, 2, 1000, 1000),
(3039, 'Swordsman of Landstar', 5, 3, 18, 2, 500, 1200),
(3040, 'The Judgement Hand', 5, 3, 18, 2, 1400, 700),
(3041, 'Wood Clown', 5, 3, 18, 2, 800, 1200),
(3042, 'Dark Bat', 5, 3, 19, 5, 1000, 1000),
(3043, 'Niwatori', 5, 3, 19, 2, 900, 800),
(3044, 'Armored Zombie', 5, 3, 21, 6, 1500, 0),
(3045, 'Blue-Eyed Silver Zombie', 5, 3, 21, 6, 900, 700),
(3046, 'Corroding Shark', 5, 3, 21, 6, 1100, 700),
(3047, 'Dokuroizo the Grim Reaper', 5, 3, 21, 6, 900, 1200),
(3048, 'Dragon Zombie', 5, 3, 21, 6, 1600, 0),
(3049, 'Graveyard and the Hand of Invitation', 5, 3, 21, 6, 700, 900),
(3050, 'The 13th Grave', 5, 3, 21, 6, 1200, 900),
(3051, 'Three-Legged Zombies', 5, 3, 21, 6, 1100, 800),
(3052, 'Wood Remains', 5, 3, 21, 6, 1000, 900),
(3053, 'Arma Knight', 5, 4, 1, 1, 1000, 1200),
(3054, 'Armored Starfish', 5, 4, 1, 1, 850, 1400),
(3055, 'Fiend Kraken', 5, 4, 1, 1, 1200, 1400),
(3056, 'Fire Kraken', 5, 4, 1, 4, 1600, 1500),
(3057, 'Flying Penguin', 5, 4, 1, 1, 1200, 1000),
(3058, 'Gem-Knight Sapphire', 5, 4, 1, 2, 0, 2100),
(3059, 'Giant Red Seasnake', 5, 4, 1, 1, 1800, 800),
(3060, 'High Tide Gyojin', 5, 4, 1, 1, 1650, 1300),
(3061, 'Humanoid Slime', 5, 4, 1, 1, 800, 2000),
(3062, 'Hyosube', 5, 4, 1, 1, 1500, 900),
(3063, 'Island Turtle', 5, 4, 1, 1, 1100, 2000),
(3064, 'Jellyfish', 5, 4, 1, 1, 1200, 1500),
(3065, 'Red Archery Girl', 5, 4, 1, 1, 1400, 1500),
(3066, 'Sea Kamen', 5, 4, 1, 1, 1100, 1300),
(3067, 'Turtle Tiger', 5, 4, 1, 1, 1000, 1500),
(3068, 'Water Girl', 5, 4, 1, 1, 1250, 1000),
(3069, 'Water Omotics', 5, 4, 1, 1, 1400, 1200),
(3070, 'Alligator\'s Sword', 5, 4, 2, 2, 1500, 1200),
(3071, 'Gazelle the King of Mythical Beasts', 5, 4, 2, 2, 1500, 1200),
(3072, 'Great Angus', 5, 4, 2, 4, 1800, 600),
(3073, 'Great Bill', 5, 4, 2, 2, 1250, 1300),
(3074, 'Griffore', 5, 4, 2, 2, 1200, 1500),
(3075, 'Lisark', 5, 4, 2, 2, 1300, 1300),
(3076, 'Master  Expert', 5, 4, 2, 2, 1200, 1000),
(3077, 'Mon Larvas', 5, 4, 2, 2, 1300, 1400),
(3078, 'Mystic Horseman', 5, 4, 2, 2, 1300, 1550),
(3079, 'Pale Beast', 5, 4, 2, 2, 1500, 1200),
(3080, 'Prevent Rat', 5, 4, 2, 2, 500, 2000),
(3081, 'Sleeping Lion', 5, 4, 2, 2, 700, 1700),
(3082, 'Soul Tiger', 5, 4, 2, 2, 0, 2100),
(3083, 'Battle Ox', 5, 4, 3, 2, 1700, 1000),
(3084, 'Beaver Warrior', 5, 4, 3, 2, 1200, 1500),
(3085, 'Gene-Warped Warwolf', 5, 4, 3, 2, 2000, 100),
(3086, 'Hitotsu-Me Giant', 5, 4, 3, 2, 1200, 1000),
(3087, 'Nin-Ken Dog', 5, 4, 3, 5, 1800, 1000),
(3088, 'Ogre of the Black Shadow', 5, 4, 3, 2, 1200, 1400),
(3089, 'One Who Hunts Souls', 5, 4, 3, 2, 1100, 1000),
(3090, 'Tiger Axe', 5, 4, 3, 2, 1300, 1100),
(3091, 'Vorse Raider', 5, 4, 3, 6, 1900, 1200),
(3092, 'Wolf Axwielder', 5, 4, 3, 2, 1650, 1000),
(3093, 'Crawling Dragon 2', 5, 4, 22, 2, 1600, 1200),
(3094, 'Kabazauls', 5, 4, 22, 1, 1700, 1500),
(3095, 'Sabersaurus', 5, 4, 22, 2, 1900, 500),
(3096, 'Uraby', 5, 4, 22, 2, 1500, 800),
(3097, 'Alexandrite Dragon', 5, 4, 4, 3, 2000, 100),
(3098, 'Divine Dragon Ragnarok', 5, 4, 4, 3, 1500, 1000),
(3099, 'Fairy Dragon', 5, 4, 4, 5, 1100, 1200),
(3100, 'Koumori Dragon', 5, 4, 4, 6, 1500, 1200),
(3101, 'Lesser Dragon', 5, 4, 4, 5, 1200, 1000),
(3102, 'Luster Dragon', 5, 4, 4, 5, 1900, 1600),
(3103, 'Dunames Dark Witch', 5, 4, 5, 3, 1800, 1050),
(3104, 'Shining Abyss', 5, 4, 5, 3, 1600, 1800),
(3105, 'Archfiend Soldier', 5, 4, 6, 6, 1900, 1500),
(3106, 'Earthbound Spirit', 5, 4, 6, 2, 500, 2000),
(3107, 'Feral Imp', 5, 4, 6, 6, 1300, 1400),
(3108, 'Gil Garth', 5, 4, 6, 6, 1800, 1200),
(3109, 'Grand Tiki Elder', 5, 4, 6, 6, 1500, 800),
(3110, 'Headless Knight', 5, 4, 6, 2, 1450, 1700),
(3111, 'Horn Imp', 5, 4, 6, 6, 1300, 1000),
(3112, 'Invader from Another Dimension', 5, 4, 6, 6, 950, 1400),
(3113, 'Key Mace 2', 5, 4, 6, 6, 1050, 1200),
(3114, 'Man-Eating Treasure Chest', 5, 4, 6, 6, 1600, 1000),
(3115, 'Mystic Clown', 5, 4, 6, 6, 1500, 1000),
(3116, 'Opticlops', 5, 4, 6, 6, 1800, 1700),
(3117, 'Renge, Gatekeeper of Dark World', 5, 4, 6, 6, 100, 2100),
(3118, 'Ryu-Kishin Powered', 5, 4, 6, 6, 1600, 1200),
(3119, 'Terra the Terrible', 5, 4, 6, 6, 1200, 1300),
(3120, 'That Which Feeds on Life', 5, 4, 6, 6, 1200, 1000),
(3121, 'The Gross Ghost of Fled Dreams', 5, 4, 6, 6, 1300, 1800),
(3122, 'The Portrait\'s Secret', 5, 4, 6, 2, 1200, 1500),
(3123, 'Trial of Nightmare', 5, 4, 6, 6, 1300, 900),
(3124, 'Witty Phantom', 5, 4, 6, 6, 1400, 1300),
(3125, 'Zure, Knight of Dark World', 5, 4, 6, 6, 1800, 1500),
(3126, '7 Colored Fish', 5, 4, 7, 1, 1800, 800),
(3127, 'Amazon of the Seas', 5, 4, 7, 1, 1300, 1400),
(3128, 'Crazy Fish', 5, 4, 7, 1, 1600, 1200),
(3129, 'Flying Fish', 5, 4, 7, 5, 800, 500),
(3130, 'Great White', 5, 4, 7, 1, 1600, 800),
(3131, 'Souleater', 5, 4, 7, 2, 1200, 0),
(3132, 'Space Mambo', 5, 4, 7, 1, 1700, 1000),
(3133, 'Tongyo', 5, 4, 7, 1, 1350, 800),
(3134, 'Wow Warrior', 5, 4, 7, 1, 1250, 900),
(3135, 'Big Insect', 5, 4, 8, 2, 1200, 1500),
(3136, 'Flying Kamakiri 2', 5, 4, 8, 5, 1500, 800),
(3137, 'Giant Flea', 5, 4, 8, 2, 1500, 1200),
(3138, 'Gokibore', 5, 4, 8, 2, 1200, 1400),
(3139, 'Insect Knight', 5, 4, 8, 2, 1900, 1500),
(3140, 'Kamakiriman', 5, 4, 8, 2, 1150, 1400),
(3141, 'Killer Needle', 5, 4, 8, 5, 1200, 1000),
(3142, 'Neo Bug', 5, 4, 8, 2, 1800, 1700),
(3143, 'Battle Footballer', 5, 4, 9, 4, 1000, 2100),
(3144, 'Blocker', 5, 4, 9, 6, 850, 1800),
(3145, 'Brave Scizzar', 5, 4, 9, 6, 1300, 1000),
(3146, 'Cyber Falcon', 5, 4, 9, 5, 1400, 1200),
(3147, 'Cyber Soldier of Darkworld', 5, 4, 9, 6, 1400, 1200),
(3148, 'Disk Magician', 5, 4, 9, 6, 1350, 1000),
(3149, 'Giga-Tech Wolf', 5, 4, 9, 4, 1200, 1400),
(3150, 'Golgoil', 5, 4, 9, 2, 900, 1600),
(3151, 'Gradius', 5, 4, 9, 3, 1200, 800),
(3152, 'Ground Attacker Bugroth', 5, 4, 9, 2, 1500, 1000),
(3153, 'Guardian of the Throne Room', 5, 4, 9, 3, 1650, 1600),
(3154, 'Mechanicalchaser', 5, 4, 9, 6, 1850, 800),
(3155, 'Mighty Guard', 5, 4, 9, 2, 500, 1200),
(3156, 'Oni Tank T-34', 5, 4, 9, 2, 1400, 1700),
(3157, 'Overdrive', 5, 4, 9, 2, 1600, 1500),
(3158, 'Robotic Knight', 5, 4, 9, 4, 1600, 1800),
(3159, 'V-Tiger Jet', 5, 4, 9, 3, 1600, 1800),
(3160, 'X-Head Cannon', 5, 4, 9, 3, 1800, 1500),
(3161, 'Yaiba Robo', 5, 4, 9, 6, 1000, 1300),
(3162, 'Snakeyashi', 5, 4, 10, 2, 1000, 1200),
(3163, 'Blazing Inpachi', 5, 4, 12, 4, 1850, 0),
(3164, 'Darkfire Soldier 1', 5, 4, 12, 4, 1700, 1150),
(3165, 'Darkfire Soldier 2', 5, 4, 12, 4, 1700, 1100),
(3166, 'Fireyarou', 5, 4, 12, 4, 1300, 1000),
(3167, 'Gem-Knight Garnet', 5, 4, 12, 2, 1900, 0),
(3168, 'Alien Shocktrooper', 5, 4, 13, 2, 1900, 800),
(3169, 'Ancient Lizard Warrior', 5, 4, 13, 2, 1400, 1100),
(3170, 'Armored Lizard', 5, 4, 13, 2, 1500, 1200),
(3171, 'Gagagigo', 5, 4, 13, 1, 1850, 1000),
(3172, 'Grappler', 5, 4, 13, 1, 1300, 1200),
(3173, 'Krokodilus', 5, 4, 13, 1, 1100, 1200),
(3174, 'Toon Alligator', 5, 4, 13, 1, 800, 1600),
(3175, 'Venom Cobra', 5, 4, 13, 2, 100, 2000),
(3176, 'Worm Drake', 5, 4, 13, 2, 1400, 1500),
(3177, 'Barrel Rock', 5, 4, 14, 2, 1000, 1300),
(3178, 'Beta the Magnet Warrior', 5, 4, 14, 2, 1700, 1600),
(3179, 'Destroyer Golem', 5, 4, 14, 2, 1500, 1000),
(3180, 'Evilswarm Heliotrope', 5, 4, 14, 6, 1950, 650),
(3181, 'Gamma the Magnet Warrior', 5, 4, 14, 2, 1500, 1800),
(3182, 'Minomushi Warrior', 5, 4, 14, 2, 1300, 1200),
(3183, 'Stone Ghost', 5, 4, 14, 2, 1200, 1000),
(3184, 'The Statue of Easter Island', 5, 4, 14, 2, 1100, 1400),
(3185, 'The Thing That Hides in the Mud', 5, 4, 14, 2, 1200, 1300),
(3186, 'Sea Serpent Warrior of Darkness', 5, 4, 15, 1, 1800, 1500),
(3187, 'Takriminos', 5, 4, 15, 1, 1500, 1200),
(3188, 'Ancient Sorcerer', 5, 4, 16, 6, 1000, 1300),
(3189, 'Fairy\'s Gift', 5, 4, 16, 3, 1400, 1000),
(3190, 'Gemini Elf', 5, 4, 16, 2, 1900, 900),
(3191, 'Mist Valley Watcher', 5, 4, 16, 5, 1500, 1900),
(3192, 'Mystical Elf', 5, 4, 16, 3, 800, 2000),
(3193, 'Neo the Magic Swordsman', 5, 4, 16, 3, 1700, 1000),
(3194, 'Sorcerer of the Doomed', 5, 4, 16, 6, 1450, 1200),
(3195, 'Gem-Knight Tourmaline', 5, 4, 17, 2, 1600, 1800),
(3196, 'Tripwire Beast', 5, 4, 17, 2, 1200, 1300),
(3197, 'Axe Raider', 5, 4, 18, 2, 1700, 1150),
(3198, 'Beautiful Headhuntress', 5, 4, 18, 2, 1600, 800),
(3199, 'Blade Skater', 5, 4, 18, 2, 1400, 1500),
(3200, 'Dark Blade', 5, 4, 18, 6, 1800, 1500),
(3201, 'Elemental HERO Sparkman', 5, 4, 18, 3, 1600, 1400),
(3202, 'Fiend Sword', 5, 4, 18, 6, 1400, 800),
(3203, 'Hibikime', 5, 4, 18, 2, 1450, 1000),
(3204, 'Kanan the Swordmistress', 5, 4, 18, 2, 1400, 1400),
(3205, 'Kojikocy', 5, 4, 18, 2, 1500, 1200),
(3206, 'Masaki the Legendary Swordsman', 5, 4, 18, 2, 1100, 1100),
(3207, 'Moon Envoy', 5, 4, 18, 3, 1100, 1000),
(3208, 'Protector of the Throne', 5, 4, 18, 2, 800, 1500),
(3209, 'Queen\'s Knight', 5, 4, 18, 3, 1500, 1600),
(3210, 'Rhaimundos of the Red Sword', 5, 4, 18, 2, 1200, 1300),
(3211, 'Skull Mariner', 5, 4, 18, 1, 1600, 900),
(3212, 'Warrior Dai Grepher', 5, 4, 18, 2, 1700, 1600),
(3213, 'Warrior of Zera', 5, 4, 18, 2, 1600, 1600),
(3214, 'X-Saber Anu Piranha', 5, 4, 18, 2, 1800, 1100),
(3215, 'Blue-Winged Crown', 5, 4, 19, 5, 1600, 1200),
(3216, 'Faith Bird', 5, 4, 19, 5, 1500, 1100),
(3217, 'Harpie Lady', 5, 4, 19, 5, 1300, 1400),
(3218, 'Phantom Gryphon', 5, 4, 19, 5, 2000, 0),
(3219, 'Skull Red Bird', 5, 4, 19, 5, 1550, 1200),
(3220, 'Sky Scout', 5, 4, 19, 5, 1800, 600),
(3221, 'Spirit of the Books', 5, 4, 19, 5, 1400, 1200),
(3222, 'Takuhee', 5, 4, 19, 5, 1450, 1000),
(3223, 'Tyhone', 5, 4, 19, 5, 1200, 1400),
(3224, 'Winged Dragon, Guardian of the Fortress 2', 5, 4, 19, 5, 1200, 1000),
(3225, 'Mystery Shell Dragon', 5, 4, 20, 6, 2000, 0),
(3226, 'Dark Assailant', 5, 4, 21, 6, 1200, 1200),
(3227, 'Magical Ghost', 5, 4, 21, 6, 1300, 1400),
(3228, 'Master Kyonshee', 5, 4, 21, 2, 1750, 1000),
(3229, 'Temple of Skulls', 5, 4, 21, 6, 900, 1300),
(3230, 'The Snake Hair', 5, 4, 21, 6, 1500, 1200),
(3231, 'Yaranzo', 5, 4, 21, 6, 1300, 1500),
(3232, '30,000-Year White Turtle', 5, 5, 1, 1, 1250, 2100),
(3233, 'Akihiron', 5, 5, 1, 1, 1700, 1400),
(3234, 'Octoberser', 5, 5, 1, 1, 1600, 1400),
(3235, 'Leogun', 5, 5, 2, 2, 1750, 1550),
(3236, 'Tatsunootoshigo', 5, 5, 2, 2, 1350, 1600),
(3237, 'Togex', 5, 5, 2, 2, 1600, 1800),
(3238, 'Battle Steer', 5, 5, 3, 2, 1800, 1300),
(3239, 'Garoozis', 5, 5, 3, 4, 1800, 1500),
(3240, 'Rude Kaiser', 5, 5, 3, 2, 1800, 1600),
(3241, 'Crawling Dragon', 5, 5, 4, 2, 1600, 1400),
(3242, 'Curse of Dragon', 5, 5, 4, 6, 2000, 1500),
(3243, 'Parrot Dragon', 5, 5, 4, 5, 2000, 1300),
(3244, 'Yamadron', 5, 5, 4, 4, 1600, 1800),
(3245, 'Aitsu', 5, 5, 5, 4, 100, 100),
(3246, 'Dark Witch', 5, 5, 5, 3, 1800, 1700),
(3247, 'Doma The Angel of Silence', 5, 5, 5, 6, 1600, 1400),
(3248, 'Orion the Battle King', 5, 5, 5, 3, 1800, 1500),
(3249, 'Winged Egg of New Life', 5, 5, 5, 3, 1400, 1700),
(3250, 'Dark Chimera', 5, 5, 6, 6, 1610, 1460),
(3251, 'King of Yamimakai', 5, 5, 6, 6, 2000, 1530),
(3252, 'Metal Guardian', 5, 5, 6, 6, 1150, 2150),
(3253, 'Morinphen', 5, 5, 6, 6, 1550, 1300),
(3254, 'The Earl of Demise', 5, 5, 6, 6, 2000, 700),
(3255, 'Misairuzame', 5, 5, 7, 1, 1400, 1600),
(3256, 'Rainbow Marine Mermaid', 5, 5, 7, 1, 1550, 1700),
(3257, 'Dungeon Worm', 5, 5, 8, 2, 1800, 1500),
(3258, 'Hercules Beetle', 5, 5, 8, 2, 1500, 2000),
(3259, 'Ancient Tool', 5, 5, 9, 6, 1700, 1400),
(3260, 'Cyber Soldier', 5, 5, 9, 6, 1500, 1700),
(3261, 'Cyber-Tech Alligator', 5, 5, 9, 5, 2500, 1600),
(3262, 'Dice Armadillo', 5, 5, 9, 2, 1650, 1800),
(3263, 'Gatekeeper', 5, 5, 9, 6, 1500, 1800),
(3264, 'Giganto', 5, 5, 9, 6, 1700, 1800),
(3265, 'Machine Attacker', 5, 5, 9, 2, 1600, 1300),
(3266, 'Mech Bass', 5, 5, 9, 1, 1800, 1500),
(3267, 'Megasonic Eye', 5, 5, 9, 6, 1500, 1800),
(3268, 'Metal Fish', 5, 5, 9, 1, 1600, 1900),
(3269, 'Shapesnatch', 5, 5, 9, 6, 1200, 1700),
(3270, 'Steel Ogre Grotto 1', 5, 5, 9, 2, 1400, 1800),
(3271, 'Woodborg Inpachi', 5, 5, 9, 4, 500, 2500),
(3272, 'Queen of Autumn Leaves', 5, 5, 10, 2, 1800, 1500),
(3273, 'Flame Champion', 5, 5, 12, 4, 1900, 1300),
(3274, 'Molten Behemoth', 5, 5, 12, 4, 1000, 2200),
(3275, 'Mr. Volcano', 5, 5, 12, 4, 2100, 1300),
(3276, 'Emperor of the Land and Sea', 5, 5, 13, 1, 1800, 1500),
(3277, 'Giga Gagagigo', 5, 5, 13, 1, 2450, 1500),
(3278, 'Labyrinth Wall', 5, 5, 14, 2, 0, 3000),
(3279, 'Sand Stone', 5, 5, 14, 2, 1300, 1600),
(3280, 'Stone Ogre Grotto', 5, 5, 14, 2, 1600, 1500),
(3281, 'Kairyu-Shin', 5, 5, 15, 1, 1800, 1500),
(3282, 'Illusionist Faceless Mage', 5, 5, 16, 6, 1200, 2200),
(3283, 'LaMoon', 5, 5, 16, 3, 1200, 1700),
(3284, 'Leo Wizard', 5, 5, 16, 2, 1350, 1200),
(3285, 'Spirit of the Mountain', 5, 5, 16, 2, 1300, 1800),
(3286, 'Spirit of the Winds', 5, 5, 16, 5, 1700, 1400),
(3287, 'Bolt Escargot', 5, 5, 17, 1, 1400, 1500),
(3288, 'Ansatsu', 5, 5, 18, 2, 1700, 1200),
(3289, 'Beautiful Beast Trainer', 5, 5, 18, 2, 1750, 1500),
(3290, 'Millennium Shield', 5, 5, 18, 2, 0, 3000),
(3291, 'Succubus Knight', 5, 5, 18, 6, 1650, 1300),
(3292, 'Zanki', 5, 5, 18, 2, 1500, 1700),
(3293, 'Peacock', 5, 5, 19, 5, 1700, 1500),
(3294, 'Queen Bird', 5, 5, 19, 5, 1200, 2000),
(3295, 'Wing Eagle', 5, 5, 19, 5, 1800, 1500),
(3296, 'Boulder Tortoise', 5, 6, 1, 1, 1450, 2200),
(3297, 'Turtle Bird', 5, 6, 1, 1, 1900, 1700),
(3298, 'Ancient One of the Deep Forest', 5, 6, 2, 2, 1800, 1900),
(3299, 'Firewing Pegasus', 5, 6, 2, 4, 2250, 1800),
(3300, 'Garvas', 5, 6, 2, 2, 2000, 1700),
(3301, 'Nekogal 2', 5, 6, 3, 2, 1900, 2000),
(3302, 'Frostosaurus', 5, 6, 22, 1, 2600, 1700),
(3303, 'Megazowler', 5, 6, 22, 2, 1800, 2000),
(3304, 'Sword Arm of Dragon', 5, 6, 22, 2, 1750, 2030),
(3305, 'Luster Dragon 2', 5, 6, 4, 5, 2400, 1400),
(3306, 'Meteor Dragon', 5, 6, 4, 2, 1800, 2000),
(3307, 'Tyhone 2', 5, 6, 4, 4, 1700, 1900),
(3308, 'Gyakutenno Megami', 5, 6, 5, 3, 1800, 2000),
(3309, 'Air Eater', 5, 6, 6, 5, 2100, 1600),
(3310, 'Beast of Talwar', 5, 6, 6, 6, 2400, 2150),
(3311, 'Neck Hunter', 5, 6, 6, 6, 1750, 1900),
(3312, 'Summoned Skull', 5, 6, 6, 6, 2500, 1200),
(3313, 'Ushi Oni', 5, 6, 6, 6, 2150, 1950),
(3314, 'Amphibian Beast', 5, 6, 7, 1, 2400, 2000),
(3315, 'Empress Mantis', 5, 6, 8, 5, 2200, 1400),
(3316, 'Giant Mech-Soldier', 5, 6, 9, 2, 1750, 1900),
(3317, 'Pendulum Machine', 5, 6, 9, 6, 1750, 2000),
(3318, 'Royal Guard', 5, 6, 9, 2, 1900, 2200),
(3319, 'PSY-Frame Driver', 5, 6, 11, 3, 2500, 0),
(3320, 'Flame Cerebrus', 5, 6, 12, 4, 2100, 1800),
(3321, 'Millennium Golem', 5, 6, 14, 2, 2000, 2200),
(3322, 'Sea King Dragon', 5, 6, 15, 1, 2000, 1700),
(3323, 'Neo Aqua Madoor', 5, 6, 16, 1, 1200, 3000),
(3324, 'Trance the Magic Swordsman', 5, 6, 16, 2, 2600, 200),
(3325, 'Judge Man', 5, 6, 18, 2, 2200, 1500),
(3326, 'Swordstalker', 5, 6, 18, 6, 2000, 1600),
(3327, 'Monstrous Bird', 5, 6, 19, 5, 2000, 1900),
(3328, 'Big Koala', 5, 7, 2, 2, 2700, 2000),
(3329, 'Garnecia Elefantis', 5, 7, 3, 2, 2400, 2000),
(3330, 'Hyozanryu', 5, 7, 4, 3, 2100, 2800),
(3331, 'Mikazukinoyaiba', 5, 7, 4, 6, 2200, 2350),
(3332, 'Red-Eyes B. Dragon', 5, 7, 4, 6, 2400, 2000),
(3333, 'Ryu-Ran', 5, 7, 4, 4, 2200, 2600),
(3334, 'Seiyaryu', 5, 7, 4, 3, 2500, 2300),
(3335, 'Serpent Night Dragon', 5, 7, 4, 6, 2350, 2400),
(3336, 'Wingweaver', 5, 7, 5, 3, 2750, 2400),
(3337, 'Zoa', 5, 7, 6, 6, 2600, 1900),
(3338, 'Slot Machine', 5, 7, 9, 6, 2000, 2300),
(3339, 'Gem-Knight Crystal', 5, 7, 14, 2, 2450, 1950),
(3340, 'Stone Dragon', 5, 7, 14, 2, 2000, 2300),
(3341, 'Dark Magician', 5, 7, 16, 6, 2500, 2100),
(3342, 'Gaia The Fierce Knight', 5, 7, 18, 2, 2300, 2100),
(3343, 'Sengenjin', 5, 8, 3, 2, 2750, 2500),
(3344, 'Hieratic Seal of the Sun Dragon Overlord', 5, 8, 4, 3, 0, 0),
(3345, 'Tri-Horned Dragon', 5, 8, 4, 6, 2850, 2350),
(3346, 'Metal Armored Bug', 5, 8, 8, 2, 2800, 1500),
(3347, 'Gogiga Gagagigo', 5, 8, 13, 1, 2950, 2800),
(3348, 'Spiral Serpent', 5, 8, 15, 1, 2900, 2900),
(3349, 'Cosmo Queen', 5, 8, 16, 6, 2900, 2450),
(3350, 'Water Spirit', 6, 1, 1, 1, 400, 1200),
(3351, 'Flamvell Guard', 6, 1, 4, 4, 100, 2000),
(3352, 'Galaxy Serpent', 6, 2, 4, 3, 1000, 0),
(3353, 'Genex Controller', 6, 3, 9, 6, 1400, 1200),
(3354, 'Tune Warrior', 6, 3, 18, 2, 1600, 200),
(3355, 'Ally Mind', 6, 5, 9, 6, 1800, 1400),
(3356, 'Labradorite Dragon', 6, 6, 4, 6, 0, 2400),
(3357, 'Dragon Core Hexer', 6, 8, 4, 6, 2300, 3000),
(3358, 'Performapal Guitartle', 7, 1, 1, 1, 300, 400),
(3359, 'Performapal Changeraffe', 7, 1, 2, 2, 100, 500),
(3360, 'Performapal Gongato', 7, 1, 2, 2, 100, 100),
(3361, 'Performapal Seal Eel', 7, 1, 7, 1, 100, 100),
(3362, 'Raremetalfoes Bismugear', 7, 1, 11, 4, 0, 0),
(3363, 'Performapal Five-Rainbow Magician', 7, 1, 16, 3, 100, 100),
(3364, 'Performapal Turn Toad', 7, 2, 1, 1, 0, 800),
(3365, 'Performapal Cheermole', 7, 2, 2, 2, 600, 1000),
(3366, 'Performapal Trampolynx', 7, 2, 2, 2, 300, 300),
(3367, 'Amorphage Gluttony', 7, 2, 4, 2, 0, 1850),
(3368, 'Amorphage Lechery', 7, 2, 4, 2, 1350, 0),
(3369, 'Performapal Trump Girl', 7, 2, 16, 6, 200, 200),
(3370, 'Shaddoll Zefranaga', 7, 2, 16, 6, 900, 100),
(3371, 'Performapal Fire Mufflerlion', 7, 3, 2, 4, 800, 800),
(3372, 'Lunalight Tiger', 7, 3, 3, 3, 1200, 800),
(3373, 'Odd-Eyes Mirage Dragon', 7, 3, 4, 6, 1200, 600),
(3374, 'Archfiend Eccentrick', 7, 3, 6, 3, 800, 1000),
(3375, 'Symphonic Warrior Guitaar', 7, 3, 9, 5, 1500, 100),
(3376, 'Ritual Beast Tamer Zeframpilica', 7, 3, 11, 5, 1000, 1500),
(3377, 'Ritual Beast Tamer Zefrawendi', 7, 3, 11, 5, 1500, 1000),
(3378, 'Performapal Lizardraw', 7, 3, 13, 2, 1200, 600),
(3379, 'Majespecter Cat - Nekomata', 7, 3, 16, 5, 100, 1800),
(3380, 'Majespecter Raccoon - Bunbuku', 7, 3, 16, 5, 1200, 900),
(3381, 'Performapal Extra Slinger', 7, 3, 16, 6, 800, 1100),
(3382, 'Performapal Whim Witch', 7, 3, 16, 6, 800, 800),
(3383, 'Timegazer Magician', 7, 3, 16, 6, 1200, 600),
(3384, 'Performapal Parrotrio', 7, 3, 19, 5, 500, 500),
(3385, 'Zefraxi, Treasure of the Yang Zing', 7, 3, 20, 2, 1500, 0),
(3386, 'Performapal Camelump', 7, 4, 2, 2, 800, 1800),
(3387, 'Performapal Gold Fang', 7, 4, 2, 3, 1800, 700),
(3388, 'Performapal Silver Claw', 7, 4, 2, 6, 1800, 800),
(3389, 'Rescue Hamster', 7, 4, 2, 2, 300, 100),
(3390, 'Performapal Odd-Eyes Minitaurus', 7, 4, 3, 6, 1200, 1600),
(3391, 'Magical Cavalry of Cxulub', 7, 4, 22, 2, 1500, 1800),
(3392, 'Samurai Cavalry of Reptier', 7, 4, 22, 2, 1800, 1200),
(3393, 'Steel Cavalry of Dinon', 7, 4, 22, 2, 1600, 2600),
(3394, 'Amorphage Envy', 7, 4, 4, 2, 0, 2050),
(3395, 'Amorphage Greed', 7, 4, 4, 2, 0, 1950),
(3396, 'Amorphage Pride', 7, 4, 4, 2, 1750, 0),
(3397, 'Lector Pendulum, the Dracoverlord', 7, 4, 4, 6, 1950, 0),
(3398, 'Metrognome', 7, 4, 5, 2, 1800, 1600),
(3399, 'Abyss Actor - Leading Lady', 7, 4, 6, 6, 1500, 1000),
(3400, 'Abyss Actor - Sassy Rookie', 7, 4, 6, 6, 1700, 1000),
(3401, 'Abyss Actor - Twinkle Littlestar', 7, 4, 6, 6, 1000, 1000),
(3402, 'Abyss Actor - Wild Hope', 7, 4, 6, 6, 1600, 1200),
(3403, 'Stellarknight Zefraxciton', 7, 4, 6, 3, 1900, 0),
(3404, 'Performapal Fireflux', 7, 4, 8, 3, 1200, 1600),
(3405, 'Dinomist Ankylos', 7, 4, 9, 1, 1500, 2000),
(3406, 'Dinomist Plesios', 7, 4, 9, 1, 1700, 1400),
(3407, 'Dinomist Pteran', 7, 4, 9, 1, 1800, 1200),
(3408, 'Performapal Radish Horse', 7, 4, 10, 2, 500, 2000),
(3409, 'Yosenju Shinchu L', 7, 4, 14, 5, 0, 2100),
(3410, 'Dark Doriado', 7, 4, 16, 6, 1800, 1400),
(3411, 'Magical Abductor', 7, 4, 16, 2, 1700, 1400),
(3412, 'Majespecter Crow - Yata', 7, 4, 16, 5, 1000, 1500),
(3413, 'Majespecter Toad - Ogama', 7, 4, 16, 5, 1300, 500),
(3414, 'Performage Mirror Conductor', 7, 4, 16, 3, 600, 1400),
(3415, 'Performage Plushfire', 7, 4, 16, 4, 1000, 1000),
(3416, 'Performapal Pendulum Sorcerer', 7, 4, 16, 2, 1500, 800),
(3417, 'Performapal Skullcrobat Joker', 7, 4, 16, 6, 1800, 100),
(3418, 'Wisdom-Eye Magician', 7, 4, 16, 3, 1500, 1500),
(3419, 'Xiangsheng Magician', 7, 4, 16, 3, 500, 1500),
(3420, 'Zefrasaber, Swordmaster of the Nekroz', 7, 4, 16, 1, 1500, 800),
(3421, 'Dragodies, the Empowered Warrior', 7, 4, 18, 3, 1500, 1500),
(3422, 'Pandora\'s Jewelry Box', 7, 4, 20, 6, 1500, 1500),
(3423, 'P.M. Captor', 7, 4, 21, 6, 1800, 0),
(3424, 'Performapal Sellshell Crab', 7, 5, 1, 1, 500, 2500),
(3425, 'Performapal Drummerilla', 7, 5, 2, 2, 1600, 900),
(3426, 'Performapal Gumgumouton', 7, 5, 2, 2, 900, 2400),
(3427, 'Odd-Eyes Persona Dragon', 7, 5, 4, 6, 1200, 2400),
(3428, 'Zefraxa, Flame Beast of the Nekroz', 7, 5, 4, 4, 2000, 1000),
(3429, 'Deskbot 005', 7, 5, 9, 2, 500, 500),
(3430, 'Dinomist Brachion', 7, 5, 9, 1, 2000, 800),
(3431, 'Dinomist Ceratops', 7, 5, 9, 1, 2100, 400),
(3432, 'Dinomist Rex', 7, 5, 9, 1, 2400, 2200),
(3433, 'Dinomist Spinos', 7, 5, 9, 1, 2500, 1800),
(3434, 'Performapal Partnaga', 7, 5, 13, 2, 500, 2100),
(3435, 'Acrobatic Magician', 7, 5, 16, 6, 800, 2300),
(3436, 'Stargazer Magician', 7, 5, 16, 6, 1200, 2400),
(3437, 'Performapal Dag Daggerman', 7, 5, 18, 2, 2000, 600),
(3438, 'Performapal Odd-Eyes Light Phoenix', 7, 5, 19, 3, 2000, 1000),
(3439, 'Performapal Bubblebowwow', 7, 6, 2, 2, 2300, 1000),
(3440, 'Performapal Monkeyboard', 7, 6, 2, 2, 1000, 2400),
(3441, 'Performapal Splashmammoth', 7, 6, 2, 1, 1900, 2300),
(3442, 'Lunalight Wolf', 7, 6, 3, 3, 2000, 1800),
(3443, 'Performapal King Bear', 7, 6, 3, 2, 2200, 1000),
(3444, 'Aether, the Evil Empowering Dragon', 7, 6, 4, 6, 2300, 1600),
(3445, 'Amorphage Sloth', 7, 6, 4, 2, 2250, 0),
(3446, 'Deskbot 006', 7, 6, 9, 2, 500, 500),
(3447, 'Qliphort Helix', 7, 6, 9, 2, 2400, 1000),
(3448, 'Majespecter Unicorn - Kirin', 7, 6, 16, 5, 2000, 2000),
(3449, 'Oafdragon Magician', 7, 6, 16, 5, 2100, 1400),
(3450, 'Zefraniu, Secret of the Yang Zing', 7, 6, 20, 2, 0, 2600),
(3451, 'Odd-Eyes Pendulum Dragon', 7, 7, 4, 6, 2500, 2000),
(3452, 'Odd-Eyes Phantom Dragon', 7, 7, 4, 6, 2500, 2000),
(3453, 'Abyss Actor - Superstar', 7, 7, 6, 6, 2500, 1800),
(3454, 'Qliphort Disk', 7, 7, 9, 2, 2800, 1000),
(3455, 'Xiangke Magician', 7, 7, 16, 6, 2500, 500),
(3456, 'Amorphage Goliath', 7, 8, 4, 2, 2750, 0),
(3457, 'Abyss Actor - Evil Heel', 7, 8, 6, 6, 3000, 2000),
(3458, 'Deskbot 008', 7, 8, 9, 2, 500, 500),
(3459, 'Qliphort Stealth', 7, 8, 9, 2, 2800, 1000),
(3460, 'Superheavy Samurai General Jade', 7, 8, 9, 2, 1800, 2800),
(3461, 'Performapal Momoncarpet', 8, 3, 2, 2, 1000, 100),
(3462, 'Metalfoes Steelen', 9, 2, 11, 4, 0, 2100),
(3463, 'Metalfoes Silverd', 9, 3, 11, 4, 1700, 100),
(3464, 'Risebell the Summoner', 9, 3, 11, 5, 800, 800),
(3465, 'Igknight Crusader', 9, 3, 18, 4, 1600, 300),
(3466, 'Igknight Squire', 9, 3, 18, 4, 0, 2000),
(3467, 'Dragoons of Draconia', 9, 4, 3, 4, 1800, 200),
(3468, 'Master Pendulum, the Dracoslayer', 9, 4, 4, 3, 1950, 0),
(3469, 'Vector Pendulum, the Dracoverlord', 9, 4, 4, 6, 1850, 0),
(3470, 'Metalfoes Goldriver', 9, 4, 11, 4, 1900, 500),
(3471, 'Dragonpulse Magician', 9, 4, 16, 2, 1800, 900),
(3472, 'Flash Knight', 9, 4, 18, 3, 1800, 600),
(3473, 'Igknight Paladin', 9, 4, 18, 4, 1400, 1900),
(3474, 'Igknight Templar', 9, 4, 18, 4, 1700, 1300),
(3475, 'Mild Turkey', 9, 4, 19, 4, 1000, 2000),
(3476, 'Qliphort Monolith', 9, 5, 9, 2, 2400, 1000),
(3477, 'Qliphort Scout', 9, 5, 9, 2, 1000, 2800),
(3478, 'Mandragon', 9, 5, 10, 2, 2500, 1000),
(3479, 'Foucault\'s Cannon', 9, 5, 16, 6, 2200, 1200),
(3480, 'Igknight Cavalier', 9, 5, 18, 4, 2400, 1200),
(3481, 'Igknight Margrave', 9, 5, 18, 4, 1500, 2500),
(3482, 'Sky Dragoons of Draconia', 9, 5, 19, 5, 2200, 200),
(3483, 'Lancephorhynchus', 9, 6, 22, 5, 2500, 800),
(3484, 'Dragon Horn Hunter', 9, 6, 18, 6, 2300, 1000),
(3485, 'Metalfoes Volflame', 9, 7, 11, 4, 2400, 2000),
(3486, 'Dragonpit Magician', 9, 7, 16, 1, 900, 2700),
(3487, 'Nobledragon Magician', 10, 3, 16, 4, 700, 1400),
(3488, 'Relinquished', 11, 1, 16, 6, 0, 0),
(3489, 'Paladin of Dark Dragon', 11, 4, 4, 6, 1900, 1200),
(3490, 'Paladin of White Dragon', 11, 4, 4, 3, 1900, 1200),
(3491, 'Gishki Psychelone', 11, 4, 6, 1, 2150, 1650),
(3492, 'C Chulainn the Awakened', 11, 4, 18, 3, 500, 1000),
(3493, 'Nekroz of Catastor', 11, 5, 4, 1, 2200, 1200),
(3494, 'Evigishki Gustkraken', 11, 6, 1, 1, 2400, 1000),
(3495, 'Evigishki Mind Augus', 11, 6, 1, 1, 2500, 2000),
(3496, 'Evigishki Tetrogre', 11, 6, 1, 1, 2600, 2100),
(3497, 'Lycanthrope', 11, 6, 3, 2, 2400, 1800),
(3498, 'Saffira, Queen of Dragons', 11, 6, 4, 3, 2500, 2400),
(3499, 'Cyber Angel Benten', 11, 6, 5, 3, 1800, 1500),
(3500, 'Cyber Angel Idaten', 11, 6, 5, 3, 1600, 2000),
(3501, 'Herald of Perfection', 11, 6, 5, 3, 1800, 2800),
(3502, 'Malacoda, Netherlord of the Burning Abyss', 11, 6, 6, 6, 2700, 2200),
(3503, 'Nekroz of Brionac', 11, 6, 18, 1, 2300, 1400),
(3504, 'Odd-Eyes Gravity Dragon', 11, 7, 4, 2, 2800, 2500),
(3505, 'Sauravis, the Ancient and Ascended', 11, 7, 4, 3, 2600, 2800),
(3506, 'Garlandolf, King of Destruction', 11, 7, 6, 6, 2500, 1400),
(3507, 'Divine Grace - Northwemko', 11, 7, 16, 3, 2700, 1200),
(3508, 'Legendary Flame Lord', 11, 7, 16, 4, 2400, 2000),
(3509, 'Nekroz of Gungnir', 11, 7, 16, 1, 2500, 1700),
(3510, 'Evigishki Levianima', 11, 8, 1, 1, 2700, 1500),
(3511, 'Evigishki Soul Ogre', 11, 8, 1, 1, 2800, 2800),
(3512, 'Blue-Eyes Chaos MAX Dragon', 11, 8, 4, 6, 4000, 0),
(3513, 'Lord of the Red', 11, 8, 4, 4, 2400, 2100),
(3514, 'Cyber Angel Dakini', 11, 8, 5, 3, 2700, 2400),
(3515, 'Ruin, Queen of Oblivion', 11, 8, 5, 3, 2300, 2000),
(3516, 'Demise, King of Armageddon', 11, 8, 6, 6, 2400, 2000),
(3517, 'Reshef the Dark Being', 11, 8, 6, 3, 2500, 1500),
(3518, 'Nekroz of Valkyrus', 11, 8, 16, 1, 2900, 1700),
(3519, 'Black Luster Soldier - Super Soldier', 11, 8, 18, 2, 3000, 2500),
(3520, 'Nekroz of Trishula', 11, 9, 18, 1, 2700, 2000),
(3521, 'Gishki Zielgigas', 11, 10, 1, 1, 3200, 0),
(3522, 'Nekroz of Sophia', 11, 11, 16, 3, 3600, 3400),
(3523, 'Herald of Ultimateness', 11, 12, 5, 3, 2000, 3000),
(3524, 'Fiend\'s Mirror', 12, 6, 6, 6, 2100, 1800),
(3525, 'Hungry Burger', 12, 6, 18, 6, 2000, 1850),
(3526, 'Performance of Sword', 12, 6, 18, 2, 1950, 1850),
(3527, 'Super War-Lion', 12, 7, 2, 2, 2300, 2100),
(3528, 'Chakra', 12, 7, 6, 6, 2450, 2000),
(3529, 'Fortress Whale', 12, 7, 7, 1, 2350, 2150),
(3530, 'Skull Guardian', 12, 7, 18, 3, 2050, 2500),
(3531, 'The Masked Beast', 12, 8, 6, 6, 3200, 1800),
(3532, 'Zera the Mant', 12, 8, 6, 6, 2800, 2300),
(3533, 'Javelin Beetle', 12, 8, 8, 2, 2450, 2550),
(3534, 'Magician of Black Chaos', 12, 8, 16, 6, 2800, 2600),
(3535, 'Black Luster Soldier', 12, 8, 18, 2, 3000, 2500),
(3536, 'Kinka-byo', 13, 1, 2, 6, 400, 200),
(3537, 'Yata-Garasu', 13, 2, 6, 5, 200, 100),
(3538, 'Inaba White Rabbit', 13, 3, 2, 2, 700, 500),
(3539, 'Otohime', 13, 3, 16, 3, 0, 100),
(3540, 'Asura Priest', 13, 4, 5, 3, 1700, 1200),
(3541, 'Izanami', 13, 4, 5, 1, 1100, 1800),
(3542, 'Nikitama', 13, 4, 5, 3, 800, 1800),
(3543, 'Rasetsu', 13, 4, 5, 4, 1500, 1900),
(3544, 'Aratama', 13, 4, 6, 6, 800, 1800),
(3545, 'Gundari', 13, 4, 12, 4, 1000, 200),
(3546, 'Maharaghi', 13, 4, 14, 2, 1200, 1700),
(3547, 'Gishki Emilia', 13, 4, 16, 1, 1600, 800),
(3548, 'Gishki Natalia', 13, 4, 16, 1, 1800, 900),
(3549, 'Tsukuyomi', 13, 4, 16, 6, 1100, 1400),
(3550, 'Susa Soldier', 13, 4, 17, 2, 2000, 1600),
(3551, 'Fushi No Tori', 13, 4, 19, 4, 1200, 0),
(3552, 'Sacred Spirit of the Ice Barrier', 13, 4, 21, 1, 1600, 1200),
(3553, 'Great Long Nose', 13, 5, 3, 6, 1900, 1700),
(3554, 'Fenghuang', 13, 6, 19, 4, 2100, 1800),
(3555, 'Yamata Dragon', 13, 7, 4, 4, 2600, 3100),
(3556, 'Hino-Kagu-Tsuchi', 13, 8, 12, 4, 2800, 2900),
(3557, 'Amaterasu', 13, 9, 5, 3, 3000, 3000),
(3558, 'T.G. Recipro Dragonfly', 14, 2, 8, 5, 300, 300),
(3559, 'Assault Blackwing - Sayo the Rain Hider', 14, 2, 19, 6, 800, 100),
(3560, 'Turbo Cannon', 14, 3, 9, 4, 0, 0),
(3561, 'Goyo Defender', 14, 3, 18, 2, 1000, 1000),
(3562, 'Mist Bird Clausolas', 14, 3, 19, 5, 0, 2300),
(3563, 'The Fabled Unicore', 14, 4, 2, 3, 2300, 1000),
(3564, 'Dark Diviner', 14, 4, 6, 6, 2000, 1000),
(3565, 'Armory Arm', 14, 4, 9, 3, 1800, 1200),
(3566, 'Daigusto Falcos', 14, 4, 11, 5, 1400, 1200),
(3567, 'Old Entity Hastorr', 14, 4, 13, 5, 2300, 1000),
(3568, 'Underworld Fighter Balmung', 14, 4, 18, 6, 2100, 800),
(3569, 'Naturia Beast', 14, 5, 2, 2, 2200, 1700),
(3570, 'Thunder Unicorn', 14, 5, 2, 3, 2200, 1800),
(3571, 'Jurrac Velphito', 14, 5, 22, 4, 0, 0),
(3572, 'Lavalval Dragon', 14, 5, 4, 4, 2000, 1100),
(3573, 'Samsara, Dragon of Rebirth', 14, 5, 4, 6, 100, 2600),
(3574, 'Fabled Ragin', 14, 5, 6, 3, 2300, 1800),
(3575, 'Frozen Fitzgerald', 14, 5, 6, 1, 2500, 2500),
(3576, 'Ally of Justice Catastor', 14, 5, 9, 6, 2200, 1200),
(3577, 'Crystron Ametrix', 14, 5, 9, 1, 2500, 1500),
(3578, 'Hi-Speedroid Chanbara', 14, 5, 9, 5, 2000, 1000),
(3579, 'Aromaseraphy Rosemary', 14, 5, 10, 3, 2000, 900),
(3580, 'Magical Android', 14, 5, 11, 3, 2400, 1700),
(3581, 'Cosmic Fortress Gol\'gar', 14, 5, 13, 3, 2600, 1800),
(3582, 'Sea Dragon Lord Gishilnodon', 14, 5, 15, 1, 2300, 1800),
(3583, 'Catapult Warrior', 14, 5, 18, 2, 1000, 1500),
(3584, 'Goyo Chaser', 14, 5, 18, 2, 1900, 1000),
(3585, 'Jet Warrior', 14, 5, 18, 4, 2100, 1200),
(3586, 'Junk Warrior', 14, 5, 18, 6, 2300, 1300),
(3587, 'Laval Dual Slasher', 14, 5, 18, 4, 2400, 200),
(3588, 'Legendary Six Samurai - Shi En', 14, 5, 18, 6, 2500, 1400),
(3589, 'Scarred Warrior', 14, 5, 18, 2, 2100, 1000),
(3590, 'T.G. Power Gladiator', 14, 5, 18, 2, 2300, 1000),
(3591, 'Assault Blackwing - Sohaya the Rain Storm', 14, 5, 19, 6, 1500, 2000),
(3592, 'Blackwing - Gram the Shining Star', 14, 5, 19, 6, 2200, 1500),
(3593, 'Vortex the Whirlwind', 14, 5, 19, 5, 2100, 700),
(3594, 'Dewloren, Tiger King of the Ice Barrier', 14, 6, 2, 1, 2000, 1400),
(3595, 'Brotherhood of the Fire Fist - Horse Prince', 14, 6, 3, 4, 2200, 2200),
(3596, 'Celestial Wolf Lord, Blue Sirius', 14, 6, 3, 6, 2400, 1500),
(3597, 'Dragunity Knight - Gae Bulg', 14, 6, 4, 5, 2000, 1100),
(3598, 'Dragunity Knight - Gae Dearg', 14, 6, 4, 5, 2400, 800),
(3599, 'Dragunity Knight - Vajrayana', 14, 6, 4, 5, 1900, 1200),
(3600, 'Iron Chain Dragon', 14, 6, 4, 2, 2500, 1300),
(3601, 'Lavalval Dragun', 14, 6, 4, 4, 2500, 1200),
(3602, 'Moon Dragon Quilla', 14, 6, 4, 6, 2500, 2000),
(3603, 'Naturia Barkion', 14, 6, 4, 2, 2500, 1800),
(3604, 'Orient Dragon', 14, 6, 4, 5, 2300, 1000),
(3605, 'Red Rising Dragon', 14, 6, 4, 6, 2100, 1600),
(3606, 'Red Wyvern', 14, 6, 4, 4, 2400, 2000),
(3607, 'White Aura Dolphin', 14, 6, 7, 1, 2400, 1000),
(3608, 'Underground Arachnid', 14, 6, 8, 2, 2400, 1200),
(3609, 'Genex Ally Triarm', 14, 6, 9, 6, 2400, 1600),
(3610, 'Geo Genex', 14, 6, 9, 2, 1800, 2800),
(3611, 'Hydro Genex', 14, 6, 9, 1, 2300, 1800),
(3612, 'Powered Inzektron', 14, 6, 9, 3, 2500, 1600),
(3613, 'Superheavy Samurai Ogre Shutendoji', 14, 6, 9, 2, 500, 2500),
(3614, 'Queen of Thorns', 14, 6, 10, 3, 2200, 1800),
(3615, 'Splendid Rose', 14, 6, 10, 5, 2200, 2000),
(3616, 'HTS Psyhemuth', 14, 6, 11, 2, 2400, 1800),
(3617, 'Psychic Nightmare', 14, 6, 11, 5, 2400, 1800),
(3618, 'Flamvell Uruquizas', 14, 6, 12, 4, 2100, 400),
(3619, 'Reptilianne Hydra', 14, 6, 13, 6, 2100, 1500),
(3620, 'Brionac, Dragon of the Ice Barrier', 14, 6, 15, 1, 2300, 1400),
(3621, 'Explosive Magician', 14, 6, 16, 3, 2500, 1800),
(3622, 'Tempest Magician', 14, 6, 16, 6, 2200, 1400),
(3623, 'Virgil, Rock Star of the Burning Abyss', 14, 6, 16, 3, 2500, 1000),
(3624, 'Wattchimera', 14, 6, 17, 3, 1400, 1200),
(3625, 'Drill Warrior', 14, 6, 18, 2, 2400, 2000),
(3626, 'Flower Cardian Boardefly', 14, 6, 18, 6, 2000, 2000),
(3627, 'Goyo Guardian', 14, 6, 18, 2, 2800, 2000),
(3628, 'Gravity Warrior', 14, 6, 18, 2, 2100, 1000),
(3629, 'Junk Gardna', 14, 6, 18, 2, 1400, 2600),
(3630, 'Laval the Greater', 14, 6, 18, 4, 2400, 800),
(3631, 'Mighty Warrior', 14, 6, 18, 2, 2200, 2000),
(3632, 'Stardust Charge Warrior', 14, 6, 18, 5, 2000, 1300),
(3633, 'Turbo Warrior', 14, 6, 18, 5, 2500, 1500),
(3634, 'XX-Saber Hyunlei', 14, 6, 18, 2, 2300, 1300),
(3635, 'Blackwing Armed Wing', 14, 6, 19, 6, 2300, 1000),
(3636, 'Metaphys Horus', 14, 6, 20, 3, 2300, 1600),
(3637, 'Archfiend Zombie-Skull', 14, 6, 21, 6, 2500, 1200),
(3638, 'Doomkaiser Dragon', 14, 6, 21, 4, 2400, 1500),
(3639, 'Revived King Ha Des', 14, 6, 21, 6, 2450, 0),
(3640, 'Shiranui Samuraisaga', 14, 6, 21, 4, 2500, 0),
(3641, 'Voltic Bicorn', 14, 7, 2, 3, 2500, 2000),
(3642, 'Zeman the Ape King', 14, 7, 2, 2, 2500, 1800),
(3643, 'Ancient Fairy Dragon', 14, 7, 4, 3, 2100, 3000),
(3644, 'Ancient Pixie Dragon', 14, 7, 4, 6, 2100, 3000),
(3645, 'Black Rose Dragon', 14, 7, 4, 4, 2400, 1800),
(3646, 'Black Rose Moonlight Dragon', 14, 7, 4, 3, 2400, 1800),
(3647, 'Exploder Dragonwing', 14, 7, 4, 6, 2400, 1600),
(3648, 'Gungnir, Dragon of the Ice Barrier', 14, 7, 4, 1, 2500, 1700),
(3649, 'Michael, the Arch-Lightsworn', 14, 7, 4, 3, 2600, 2000),
(3650, 'Odd-Eyes Meteorburst Dragon', 14, 7, 4, 4, 2500, 2000),
(3651, 'Ancient Sacred Wyvern', 14, 7, 5, 3, 2100, 2000),
(3652, 'Vylon Delta', 14, 7, 5, 3, 1700, 2800),
(3653, 'Vylon Sigma', 14, 7, 5, 3, 1800, 1000),
(3654, 'Chaos King Archfiend', 14, 7, 6, 6, 2600, 2600),
(3655, 'Dark Highlander', 14, 7, 6, 6, 2800, 2300),
(3656, 'Scrap Archfiend', 14, 7, 6, 2, 2700, 1800),
(3657, 'Dark Strike Fighter', 14, 7, 9, 6, 2600, 1800),
(3658, 'Genex Ally Triforce', 14, 7, 9, 6, 2500, 2100),
(3659, 'Mecha Phantom Beast Concoruda', 14, 7, 9, 5, 2400, 1200),
(3660, 'Power Tool Dragon', 14, 7, 9, 2, 2300, 2500),
(3661, 'Power Tool Mecha Dragon', 14, 7, 9, 6, 2300, 2500),
(3662, 'Windmill Genex', 14, 7, 9, 5, 2000, 1600),
(3663, 'Daigusto Eguls', 14, 7, 11, 5, 2600, 1800),
(3664, 'PSY-Framelord Zeta', 14, 7, 11, 3, 2500, 1800),
(3665, 'Psychic Lifetrancer', 14, 7, 11, 2, 2400, 2000),
(3666, 'Ancient Flamvell Deity', 14, 7, 12, 4, 2500, 200),
(3667, 'Laval Stennon', 14, 7, 12, 4, 2700, 1800),
(3668, 'Naturia Landoise', 14, 7, 14, 2, 2350, 1600),
(3669, 'Arcanite Magician', 14, 7, 16, 3, 400, 1800),
(3670, 'Windwitch - Winter Bell', 14, 7, 16, 5, 2400, 2000),
(3671, 'Watthydra', 14, 7, 17, 3, 1500, 1500),
(3672, 'Junk Archer', 14, 7, 18, 2, 2300, 2000),
(3673, 'Junk Berserker', 14, 7, 18, 5, 2700, 1800),
(3674, 'Lightning Warrior', 14, 7, 18, 3, 2400, 1200),
(3675, 'Nitro Warrior', 14, 7, 18, 4, 2800, 1800),
(3676, 'Seven Swords Warrior', 14, 7, 18, 2, 2300, 1800),
(3677, 'X-Saber Souza', 14, 7, 18, 2, 2500, 1600),
(3678, 'Assault Blackwing - Chidori the Rain Sprinkling', 14, 7, 19, 6, 2600, 2000),
(3679, 'Assault Blackwing - Raikiri the Rain Shower', 14, 7, 19, 6, 2600, 2000),
(3680, 'Blackwing Armor Master', 14, 7, 19, 6, 2500, 1500),
(3681, 'Yazi, Evil of the Yang Zing', 14, 7, 20, 6, 2600, 2100),
(3682, 'Graydle Dragon', 14, 8, 1, 1, 3000, 2000),
(3683, 'Lightning Tricorn', 14, 8, 2, 3, 2800, 2000),
(3684, 'Brotherhood of the Fire Fist - Kirin', 14, 8, 3, 4, 2000, 2800),
(3685, 'Beelze of the Diabolic Dragons', 14, 8, 4, 6, 3000, 3000),
(3686, 'Black-Winged Dragon', 14, 8, 4, 6, 2800, 1600),
(3687, 'Blackfeather Darkrage Dragon', 14, 8, 4, 6, 2800, 1600),
(3688, 'Buster Dragon', 14, 8, 4, 6, 1200, 2800),
(3689, 'Crystal Wing Synchro Dragon', 14, 8, 4, 5, 3000, 2500),
(3690, 'Dark End Dragon', 14, 8, 4, 6, 2600, 2100),
(3691, 'Dragunity Knight - Barcha', 14, 8, 4, 5, 2000, 1200),
(3692, 'Hot Red Dragon Archfiend', 14, 8, 4, 6, 3000, 2000),
(3693, 'Ignister Prominence, the Blasting Dracoslayer', 14, 8, 4, 4, 2850, 0),
(3694, 'Infernity Doom Dragon', 14, 8, 4, 6, 3000, 2400),
(3695, 'Light End Dragon', 14, 8, 4, 3, 2600, 2100),
(3696, 'Red Dragon Archfiend', 14, 8, 4, 6, 3000, 2000),
(3697, 'Scarlight Red Dragon Archfiend', 14, 8, 4, 6, 3000, 2500),
(3698, 'Scrap Dragon', 14, 8, 4, 2, 2800, 2000),
(3699, 'Stardust Dragon', 14, 8, 4, 5, 2500, 2000),
(3700, 'Sun Dragon Inti', 14, 8, 4, 3, 3000, 2800),
(3701, 'Angel of Zera', 14, 8, 5, 3, 2800, 2300),
(3702, 'Avenging Knight Parshath', 14, 8, 5, 3, 2600, 2100),
(3703, 'Chaos Goddess', 14, 8, 5, 3, 2500, 1800),
(3704, 'Vylon Epsilon', 14, 8, 5, 3, 2800, 1200),
(3705, 'Blood Mefist', 14, 8, 6, 6, 2800, 1300),
(3706, 'Fabled Valkyrus', 14, 8, 6, 3, 2900, 1700),
(3707, 'White Aura Whale', 14, 8, 7, 1, 2800, 2000),
(3708, 'Ally of Justice Light Gazer', 14, 8, 9, 6, 2400, 1600),
(3709, 'Dark Flattop', 14, 8, 9, 6, 0, 3000),
(3710, 'Genex Ally Axel', 14, 8, 9, 6, 2600, 2000),
(3711, 'Superheavy Samurai Ninja Sarutobi', 14, 8, 9, 2, 2000, 2800),
(3712, 'Thermal Genex', 14, 8, 9, 4, 2400, 1200),
(3713, 'Vindikite R-Genex', 14, 8, 9, 5, 2400, 1000),
(3714, 'PSY-Framelord Omega', 14, 8, 11, 3, 2800, 2200),
(3715, 'Thought Ruler Archfiend', 14, 8, 11, 6, 2700, 2300),
(3716, 'Enlightenment Paladin', 14, 8, 16, 6, 2500, 2000),
(3717, 'Chevalier de Fleur', 14, 8, 18, 5, 2700, 2300),
(3718, 'Colossal Fighter', 14, 8, 18, 6, 2800, 1000),
(3719, 'Crimson Blader', 14, 8, 18, 4, 2800, 2600),
(3720, 'Flower Cardian Lightshower', 14, 8, 18, 6, 3000, 3000),
(3721, 'Junk Destroyer', 14, 8, 18, 2, 2600, 2500),
(3722, 'Road Warrior', 14, 8, 18, 3, 3000, 1500),
(3723, 'Blackwing - Silverwind the Ascendant', 14, 8, 19, 6, 2800, 2000),
(3724, 'Naturia Leodrake', 14, 9, 2, 2, 3000, 1800),
(3725, 'XX-Saber Gottoms', 14, 9, 3, 2, 3100, 2600),
(3726, 'Azure-Eyes Silver Dragon', 14, 9, 4, 3, 2500, 3000),
(3727, 'Blue-Eyes Spirit Dragon', 14, 9, 4, 3, 2500, 3000),
(3728, 'Hot Red Dragon Archfiend Abyss', 14, 9, 4, 6, 3200, 2500),
(3729, 'Scrap Twin Dragon', 14, 9, 4, 2, 3000, 2200),
(3730, 'Trishula, Dragon of the Ice Barrier', 14, 9, 4, 1, 2700, 2000),
(3731, 'Ally of Justice Field Marshal', 14, 9, 9, 6, 2900, 2600),
(3732, 'Cloudcastle', 14, 9, 9, 5, 0, 3000),
(3733, 'Crystron Phoenix', 14, 9, 9, 1, 2800, 2000),
(3734, 'Locomotion R-Genex', 14, 9, 9, 6, 2500, 2000),
(3735, 'Mecha Phantom Beast Jaculuslan', 14, 9, 9, 5, 2700, 2000),
(3736, 'Vermillion Dragon Mech', 14, 9, 9, 4, 2700, 1800),
(3737, 'Vylon Alpha', 14, 9, 9, 3, 2200, 1100),
(3738, 'Overmind Archfiend', 14, 9, 11, 6, 3300, 3000),
(3739, 'Giganticastle', 14, 9, 14, 2, 2900, 2800),
(3740, 'Mist Wurm', 14, 9, 17, 5, 2500, 1500),
(3741, 'Chaofeng, Phantom of the Yang Zing', 14, 9, 20, 3, 2800, 2200),
(3742, 'Leo, the Keeper of the Sacred Tree', 14, 10, 2, 2, 3100, 1900),
(3743, 'Thor, Lord of the Aesir', 14, 10, 3, 2, 3500, 2800),
(3744, 'Jurrac Meteor', 14, 10, 22, 4, 2800, 2000),
(3745, 'Ascension Sky Dragon', 14, 10, 4, 3, 0, 3000),
(3746, 'Beelzeus of the Diabolic Dragons', 14, 10, 4, 6, 4000, 4000),
(3747, 'Dragocytos Corrupted Nethersoul Dragon', 14, 10, 4, 6, 4000, 2000),
(3748, 'Hot Red Dragon Archfiend Bane', 14, 10, 4, 6, 3500, 3000),
(3749, 'Majestic Red Dragon', 14, 10, 4, 6, 4000, 3000),
(3750, 'Majestic Star Dragon', 14, 10, 4, 5, 3800, 3000),
(3751, 'Malefic Paradox Dragon', 14, 10, 4, 6, 4000, 4000),
(3752, 'Shooting Star Dragon', 14, 10, 4, 5, 3300, 2500),
(3753, 'Trident Dragion', 14, 10, 4, 4, 3000, 2800),
(3754, 'Tyrant Red Dragon Archfiend', 14, 10, 4, 6, 3500, 3000),
(3755, 'Vylon Omega', 14, 10, 5, 3, 3200, 1900),
(3756, 'Fabled Leviathan', 14, 10, 6, 3, 3000, 2000),
(3757, 'Ally of Justice Decisive Armor', 14, 10, 9, 6, 3300, 3300),
(3758, 'Superheavy Samurai Warlord Susanowo', 14, 10, 9, 2, 2400, 3800),
(3759, 'T.G. Blade Blaster', 14, 10, 9, 2, 3300, 2200),
(3760, 'Loki, Lord of the Aesir', 14, 10, 16, 6, 3300, 3000),
(3761, 'Stardust Warrior', 14, 10, 18, 5, 3000, 2500),
(3762, 'Star Eater', 14, 11, 4, 3, 3200, 2800),
(3763, 'Hot Red Dragon Archfiend King Calamity', 14, 12, 4, 6, 4000, 3500),
(3764, 'Shooting Quasar Dragon', 14, 12, 4, 3, 4000, 4000),
(3765, 'Stardust Sifr Divine Dragon', 14, 12, 4, 3, 4000, 4000),
(3766, 'Ultimaya Tzolkin', 14, 12, 4, 6, 0, 0),
(3767, 'Odd-Eyes Wing Dragon', 15, 8, 4, 6, 3000, 2500),
(3768, 'Formula Synchron', 16, 2, 9, 3, 200, 1500),
(3769, 'Puralis, the Purple Pyrotile', 16, 2, 13, 4, 800, 1400),
(3770, 'Tatsunoko', 16, 3, 20, 1, 1700, 500),
(3771, 'Phonon Pulse Dragon', 16, 4, 4, 6, 1900, 800),
(3772, 'Crystron Quandax', 16, 4, 9, 1, 1800, 2000),
(3773, 'Accel Synchron', 16, 5, 9, 6, 500, 2100),
(3774, 'T.G. Wonder Magician', 16, 5, 16, 3, 1900, 0),
(3775, 'Denglong, First of the Yang Zing', 16, 5, 20, 3, 0, 2800),
(3776, 'Coral Dragon', 16, 6, 4, 1, 2400, 500),
(3777, 'Life Stream Dragon', 16, 8, 4, 2, 2900, 2400),
(3778, 'Toon Mermaid', 17, 4, 1, 1, 1400, 1500),
(3779, 'Toon Gemini Elf', 17, 4, 16, 2, 1900, 900),
(3780, 'Toon Masked Sorcerer', 17, 4, 16, 6, 900, 1400),
(3781, 'Toon Goblin Attack Force', 17, 4, 18, 2, 2300, 0),
(3782, 'Manga Ryu-Ran', 17, 7, 4, 4, 2200, 2600),
(3783, 'Red-Eyes Toon Dragon', 17, 7, 4, 6, 2400, 2000),
(3784, 'Toon Barrel Dragon', 17, 7, 9, 6, 2600, 2200),
(3785, 'Toon Dark Magician', 17, 7, 16, 6, 2500, 2100),
(3786, 'Toon Buster Blader', 17, 7, 18, 2, 2600, 2300),
(3787, 'Blue-Eyes Toon Dragon', 17, 8, 4, 3, 3000, 2500),
(3788, 'Toon Ancient Gear Golem', 17, 8, 9, 2, 3000, 3000),
(3789, 'Lady of the Lake', 18, 1, 1, 3, 200, 1800),
(3790, 'Key Mouse', 18, 1, 2, 2, 100, 100),
(3791, 'Snyffus', 18, 1, 2, 2, 100, 100),
(3792, 'The Fabled Catsith', 18, 1, 2, 3, 800, 600),
(3793, 'The Fabled Chawa', 18, 1, 2, 3, 200, 100),
(3794, 'Yokotuner', 18, 1, 2, 2, 800, 600),
(3795, 'Buster Whelp of the Destruction Swordsman', 18, 1, 4, 3, 400, 300),
(3796, 'Dragon Buster Destruction Sword', 18, 1, 4, 6, 400, 300),
(3797, 'Dragunity Brandistock', 18, 1, 4, 5, 600, 400),
(3798, 'Majestic Dragon', 18, 1, 4, 3, 0, 0),
(3799, 'Rider of the Storm Winds', 18, 1, 4, 3, 500, 200),
(3800, 'The White Stone of Ancients', 18, 1, 4, 3, 600, 500),
(3801, 'D.D. Sprite', 18, 1, 5, 3, 0, 100),
(3802, 'Hanewata', 18, 1, 5, 3, 200, 300),
(3803, 'Red Nova', 18, 1, 5, 4, 0, 0),
(3804, 'Chain Resonator', 18, 1, 6, 3, 100, 100),
(3805, 'Infernoid Decatron', 18, 1, 6, 4, 500, 200),
(3806, 'Mirror Resonator', 18, 1, 6, 3, 0, 0),
(3807, 'Sinister Sprocket', 18, 1, 6, 6, 400, 0),
(3808, 'Stygian Security', 18, 1, 6, 6, 100, 600),
(3809, 'Synkron Resonator', 18, 1, 6, 6, 100, 100),
(3810, 'Fishborg Launcher', 18, 1, 7, 1, 200, 100),
(3811, 'Changer Synchron', 18, 1, 9, 6, 0, 0),
(3812, 'Genex Recycled', 18, 1, 9, 6, 200, 400),
(3813, 'Jet Synchron', 18, 1, 9, 4, 500, 0),
(3814, 'Mecha Phantom Beast Warbluran', 18, 1, 9, 5, 300, 300),
(3815, 'Mono Synchron', 18, 1, 9, 6, 0, 0),
(3816, 'Morphtronic Lantron', 18, 1, 9, 3, 200, 200),
(3817, 'Morphtronic Smartfon', 18, 1, 9, 2, 100, 100),
(3818, 'Scrap Mind Reader', 18, 1, 9, 2, 0, 0),
(3819, 'Speedroid Gum Prize', 18, 1, 9, 5, 0, 800),
(3820, 'Speedroid Red-Eyed Dice', 18, 1, 9, 5, 100, 100),
(3821, 'Symphonic Warrior Basses', 18, 1, 9, 5, 600, 400),
(3822, 'Turbo Synchron', 18, 1, 9, 5, 100, 500),
(3823, 'Unknown Synchron', 18, 1, 9, 6, 0, 0),
(3824, 'Vylon Sphere', 18, 1, 9, 3, 400, 400),
(3825, 'Aromaseraphy Angelica', 18, 1, 10, 3, 0, 0),
(3826, 'Copy Plant', 18, 1, 10, 5, 0, 0),
(3827, 'Glow-Up Bulb', 18, 1, 10, 2, 100, 100),
(3828, 'Naturia Cherries', 18, 1, 10, 2, 200, 200),
(3829, 'Naturia Vein', 18, 1, 10, 2, 200, 300),
(3830, 'Spore', 18, 1, 10, 5, 400, 800),
(3831, 'PSY-Framegear Alpha', 18, 1, 11, 3, 500, 0),
(3832, 'PSY-Framegear Beta', 18, 1, 11, 3, 700, 0),
(3833, 'Re-Cover', 18, 1, 11, 2, 700, 300),
(3834, 'Flamvell Baby', 18, 1, 12, 4, 800, 200),
(3835, 'Laval Volcano Handmaiden', 18, 1, 12, 4, 100, 200),
(3836, 'Alien Ammonite', 18, 1, 13, 3, 500, 200),
(3837, 'Master with Eyes of Blue', 18, 1, 16, 3, 300, 1200),
(3838, 'Priestess with Eyes of Blue', 18, 1, 16, 3, 0, 0),
(3839, 'Protector with Eyes of Blue', 18, 1, 16, 3, 800, 1300),
(3840, 'R-Genex Oracle', 18, 1, 16, 6, 300, 300),
(3841, 'Sage with Eyes of Blue', 18, 1, 16, 3, 0, 1500),
(3842, 'Sunny Pixie', 18, 1, 16, 3, 300, 400),
(3843, 'T.G. Cyber Magician', 18, 1, 16, 3, 0, 0),
(3844, 'Tuning Magician', 18, 1, 16, 6, 0, 0),
(3845, 'Windwitch - Snow Bell', 18, 1, 16, 5, 100, 100),
(3846, 'Attack Gainer', 18, 1, 18, 2, 0, 0),
(3847, 'Shien\'s Squire', 18, 1, 18, 2, 300, 700),
(3848, 'Blackwing - Hurricane the Tornado', 18, 1, 19, 6, 0, 0),
(3849, 'Blackwing - Jin the Rain Shadow', 18, 1, 19, 6, 600, 500),
(3850, 'Blackwing - Oroshi the Squall', 18, 1, 19, 6, 400, 600),
(3851, 'Blackwing - Vayu the Emblem of Honor', 18, 1, 19, 6, 800, 0),
(3852, 'Soaring Eagle Above the Searing Land', 18, 1, 19, 4, 100, 0),
(3853, 'Chiwen, Light of the Yang Zing', 18, 1, 20, 3, 0, 0),
(3854, 'Scapeghost', 18, 1, 21, 6, 0, 0),
(3855, 'Cryomancer of the Ice Barrier', 18, 2, 1, 1, 1300, 0),
(3856, 'Dewdark of the Ice Barrier', 18, 2, 1, 1, 1200, 800),
(3857, 'Graydle Slime Jr.', 18, 2, 1, 1, 0, 2000),
(3858, 'Uni-Horned Familiar', 18, 2, 2, 3, 0, 1000),
(3859, 'Valerifawn, Mystical Beast of the Forest', 18, 2, 2, 2, 400, 900),
(3860, 'Shiba-Warrior Taro', 18, 2, 3, 2, 800, 600),
(3861, 'Jurrac Gallim', 18, 2, 22, 4, 1200, 0),
(3862, 'Dragunity Aklys', 18, 2, 4, 5, 1000, 800),
(3863, 'Dragunity Partisan', 18, 2, 4, 5, 1200, 800),
(3864, 'Dragunity Phalanx', 18, 2, 4, 5, 500, 1100),
(3865, 'Dread Dragon', 18, 2, 4, 4, 1100, 400),
(3866, 'Magna Drago', 18, 2, 4, 4, 1400, 600),
(3867, 'Herald of Orange Light', 18, 2, 5, 3, 300, 500),
(3868, 'Valkyrie of the Nordic Ascendant', 18, 2, 5, 3, 400, 800),
(3869, 'Dark Tinker', 18, 2, 6, 6, 1000, 1300),
(3870, 'Fabled Miztoji', 18, 2, 6, 3, 400, 200),
(3871, 'Fabled Oltro', 18, 2, 6, 3, 800, 500),
(3872, 'Fabled Raven', 18, 2, 6, 3, 1300, 1000),
(3873, 'Force Resonator', 18, 2, 6, 1, 500, 500),
(3874, 'Red Resonator', 18, 2, 6, 4, 600, 200),
(3875, 'Infernity Beetle', 18, 2, 8, 6, 1200, 0),
(3876, 'Scrap Worm', 18, 2, 8, 2, 500, 100),
(3877, 'Fleur Synchron', 18, 2, 9, 3, 400, 200),
(3878, 'Genex Ally Chemistrer', 18, 2, 9, 6, 200, 500),
(3879, 'Malefic Parallel Gear', 18, 2, 9, 6, 0, 0),
(3880, 'Mecha Phantom Beast O-Lion', 18, 2, 9, 5, 600, 1000),
(3881, 'Superheavy Samurai Battleball', 18, 2, 9, 6, 100, 800),
(3882, 'Superheavy Samurai Trumpeter', 18, 2, 9, 2, 300, 600),
(3883, 'Turbo Rocket', 18, 2, 9, 5, 0, 0),
(3884, 'Vylon Tetra', 18, 2, 9, 3, 900, 900),
(3885, 'Cherry Inmato', 18, 2, 10, 6, 700, 400),
(3886, 'Naturia Cosmobeet', 18, 2, 10, 2, 1000, 700),
(3887, 'Naturia Tulip', 18, 2, 10, 2, 600, 1500),
(3888, 'Nettles', 18, 2, 10, 2, 1200, 400);
INSERT INTO `cards` (`id`, `name`, `type_id`, `level`, `race_id`, `attribute_id`, `atk`, `def`) VALUES
(3889, 'Krebons', 18, 2, 11, 6, 1200, 400),
(3890, 'PSY-Framegear Delta', 18, 2, 11, 3, 1200, 0),
(3891, 'PSY-Framegear Epsilon', 18, 2, 11, 3, 1500, 0),
(3892, 'PSY-Framegear Gamma', 18, 2, 11, 3, 1000, 0),
(3893, 'Psychic Jumper', 18, 2, 11, 2, 100, 1500),
(3894, 'Laval Coatl', 18, 2, 12, 4, 1300, 700),
(3895, 'Laval Forest Sprite', 18, 2, 12, 4, 300, 200),
(3896, 'Neo Flamvell Origin', 18, 2, 12, 4, 500, 200),
(3897, 'Reptilianne Viper', 18, 2, 13, 6, 0, 0),
(3898, 'Deep Sea Diva', 18, 2, 15, 1, 200, 400),
(3899, 'Reese the Ice Mistress', 18, 2, 15, 1, 800, 800),
(3900, 'Arcane Apprentice', 18, 2, 16, 4, 1000, 400),
(3901, 'Frequency Magician', 18, 2, 16, 3, 800, 400),
(3902, 'Mara of the Nordic Alfar', 18, 2, 16, 6, 1000, 500),
(3903, 'Night\'s End Sorcerer', 18, 2, 16, 6, 1300, 400),
(3904, 'R-Genex Overseer', 18, 2, 16, 6, 200, 100),
(3905, 'Shaddoll Falco', 18, 2, 16, 6, 600, 1400),
(3906, 'Gusto Squirro', 18, 2, 17, 5, 0, 1800),
(3907, 'Wattbetta', 18, 2, 17, 3, 100, 0),
(3908, 'Wattfox', 18, 2, 17, 3, 800, 100),
(3909, 'Junk Anchor', 18, 2, 18, 2, 0, 0),
(3910, 'Jutte Fighter', 18, 2, 18, 2, 700, 900),
(3911, 'Kagemusha of the Six Samurai', 18, 2, 18, 2, 400, 1800),
(3912, 'T.G. Striker', 18, 2, 18, 2, 800, 0),
(3913, 'X-Saber Pashuul', 18, 2, 18, 2, 100, 0),
(3914, 'Blackwing - Blizzard the Far North', 18, 2, 19, 6, 1300, 0),
(3915, 'Blackwing - Mistral the Silver Shield', 18, 2, 19, 6, 100, 1800),
(3916, 'Gusto Falco', 18, 2, 19, 5, 600, 1400),
(3917, 'Mist Valley Baby Roc', 18, 2, 19, 5, 400, 600),
(3918, 'Jiaotu, Darkness of the Yang Zing', 18, 2, 20, 6, 0, 2000),
(3919, 'Ghost Charon, the Underworld Boatman', 18, 2, 21, 6, 500, 0),
(3920, 'Pain Painter', 18, 2, 21, 6, 400, 200),
(3921, 'Plaguespreader Zombie', 18, 2, 21, 6, 400, 200),
(3922, 'Shiranui Spectralsword', 18, 2, 21, 4, 800, 0),
(3923, 'Brotherhood of the Fire Fist - Spirit', 18, 3, 3, 4, 500, 200),
(3924, 'Scrap Goblin', 18, 3, 3, 2, 0, 500),
(3925, 'Jurrac Brachis', 18, 3, 22, 4, 1000, 1000),
(3926, 'Jurrac Dino', 18, 3, 22, 4, 1700, 800),
(3927, 'Jurrac Monoloph', 18, 3, 22, 4, 1500, 1200),
(3928, 'Delta Flyer', 18, 3, 4, 5, 1500, 900),
(3929, 'Dragunity Darkspear', 18, 3, 4, 5, 1000, 1000),
(3930, 'Dragunity Pilum', 18, 3, 4, 5, 1400, 1000),
(3931, 'Influence Dragon', 18, 3, 4, 5, 300, 900),
(3932, 'Counselor Lily', 18, 3, 5, 2, 400, 1500),
(3933, 'Vylon Stella', 18, 3, 5, 3, 1400, 200),
(3934, 'Clock Resonator', 18, 3, 6, 2, 1200, 600),
(3935, 'Creation Resonator', 18, 3, 6, 5, 800, 600),
(3936, 'Dark Resonator', 18, 3, 6, 6, 1300, 300),
(3937, 'Flare Resonator', 18, 3, 6, 4, 300, 1300),
(3938, 'Phantom King Hydride', 18, 3, 6, 6, 1500, 300),
(3939, 'Rubic, Malebranche of the Burning Abyss', 18, 3, 6, 6, 100, 2100),
(3940, 'Fishborg Archer', 18, 3, 7, 1, 300, 300),
(3941, 'Naturia Butterfly', 18, 3, 8, 2, 500, 1200),
(3942, 'Naturia Stinkbug', 18, 3, 8, 2, 200, 500),
(3943, 'Ally of Justice Cycle Reader', 18, 3, 9, 6, 1000, 1000),
(3944, 'Ally of Justice Cyclone Creator', 18, 3, 9, 6, 1400, 1200),
(3945, 'Black Salvo', 18, 3, 9, 6, 100, 1100),
(3946, 'Crystron Rion', 18, 3, 9, 1, 500, 500),
(3947, 'Drill Synchron', 18, 3, 9, 2, 800, 300),
(3948, 'Genex Ally Birdman', 18, 3, 9, 6, 1400, 400),
(3949, 'Genex Ally Remote', 18, 3, 9, 6, 500, 1800),
(3950, 'Genex Spare', 18, 3, 9, 6, 800, 1200),
(3951, 'Iron Chain Coil', 18, 3, 9, 2, 1100, 1600),
(3952, 'Mecha Phantom Beast Blue Impala', 18, 3, 9, 5, 1400, 1100),
(3953, 'Morphtronic Remoten', 18, 3, 9, 2, 300, 1200),
(3954, 'Morphtronic Scopen', 18, 3, 9, 3, 800, 1400),
(3955, 'Quick-Span Knight', 18, 3, 9, 2, 1000, 800),
(3956, 'Speedroid Den-Den Daiko Duke', 18, 3, 9, 5, 1000, 1000),
(3957, 'Speedroid Tri-Eyed Dice', 18, 3, 9, 5, 300, 1500),
(3958, 'Symphonic Warrior Piaano', 18, 3, 9, 5, 900, 1300),
(3959, 'Synchro Magnet', 18, 3, 9, 2, 1000, 600),
(3960, 'Vylon Cube', 18, 3, 9, 3, 800, 800),
(3961, 'Mystic Macrocarpa Seed', 18, 3, 10, 2, 500, 1000),
(3962, 'Naturia Rosewhip', 18, 3, 10, 2, 400, 1700),
(3963, 'Ghost Ogre & Snow Rabbit', 18, 3, 11, 3, 0, 1800),
(3964, 'Mental Seeker', 18, 3, 11, 2, 800, 600),
(3965, 'Psychic Commander', 18, 3, 11, 2, 1400, 800),
(3966, 'Flamvell Archer', 18, 3, 12, 4, 1000, 200),
(3967, 'Laval Lakeside Lady', 18, 3, 12, 4, 200, 200),
(3968, 'Neo Flamvell Hedgehog', 18, 3, 12, 4, 800, 200),
(3969, 'Eccentric Boy', 18, 3, 16, 5, 800, 200),
(3970, 'Geomancer of the Ice Barrier', 18, 3, 16, 1, 800, 1200),
(3971, 'Minerva, Lightsworn Maiden', 18, 3, 16, 3, 800, 200),
(3972, 'Wattberyx', 18, 3, 17, 3, 300, 0),
(3973, 'Wattkiwi', 18, 3, 17, 3, 600, 100),
(3974, 'Chaos-End Master', 18, 3, 18, 3, 1500, 1000),
(3975, 'Junk Changer', 18, 3, 18, 2, 1500, 900),
(3976, 'Junk Synchron', 18, 3, 18, 6, 1300, 500),
(3977, 'Twilight Rose Knight', 18, 3, 18, 6, 1000, 1000),
(3978, 'Blackwing - Gale the Whirlwind', 18, 3, 19, 6, 1300, 400),
(3979, 'Blackwing - Pinaki the Waxing Moon', 18, 3, 19, 6, 1200, 1000),
(3980, 'Blackwing - Steam the Cloak', 18, 3, 19, 6, 800, 1200),
(3981, 'Gusto Gulldo', 18, 3, 19, 5, 500, 500),
(3982, 'T.G. Jet Falcon', 18, 3, 19, 5, 1400, 1200),
(3983, 'Al-Lumi\'raj', 18, 3, 20, 5, 1600, 1000),
(3984, 'Ash Blossom & Joyous Spring', 18, 3, 21, 4, 0, 1800),
(3985, 'Ghost Reaper & Winter Cherries', 18, 3, 21, 6, 0, 1800),
(3986, 'Uni-Zombie', 18, 3, 21, 6, 1300, 0),
(3987, 'Guldfaxe of the Nordic Beasts', 18, 4, 2, 3, 1600, 1000),
(3988, 'Scrap Beast', 18, 4, 2, 2, 1600, 1300),
(3989, 'Scrap Orthros', 18, 4, 2, 2, 1700, 1100),
(3990, 'Brotherhood of the Fire Fist - Boar', 18, 4, 3, 4, 1100, 1400),
(3991, 'Felis, Lightsworn Archer', 18, 4, 3, 3, 1100, 2000),
(3992, 'Debris Dragon', 18, 4, 4, 5, 1000, 2000),
(3993, 'Vanadis of the Nordic Ascendant', 18, 4, 5, 6, 1200, 400),
(3994, 'Guerilla Kite', 18, 4, 6, 4, 1600, 200),
(3995, 'Trap Eater', 18, 4, 6, 6, 1900, 1600),
(3996, 'Royal Swamp Eel', 18, 4, 7, 1, 1700, 1200),
(3997, 'Bri Synchron', 18, 4, 9, 2, 1500, 1100),
(3998, 'Hyper Synchron', 18, 4, 9, 3, 1600, 800),
(3999, 'Road Synchron', 18, 4, 9, 3, 1600, 800),
(4000, 'Top Runner', 18, 4, 9, 5, 1100, 800),
(4001, 'Masked Chameleon', 18, 4, 13, 2, 1600, 1100),
(4002, 'Flamvell Magician', 18, 4, 16, 4, 1400, 200),
(4003, 'Windwitch - Glass Bell', 18, 4, 16, 5, 1500, 1500),
(4004, 'Witch of the Black Rose', 18, 4, 16, 6, 1700, 1200),
(4005, 'Vylon Prism', 18, 4, 17, 3, 1500, 1500),
(4006, 'Raiden, Hand of the Lightsworn', 18, 4, 18, 3, 1700, 1000),
(4007, 'Rose, Warrior of Revenge', 18, 4, 18, 4, 1600, 600),
(4008, 'Blackwing - Decay the Ill Wind', 18, 4, 19, 6, 1000, 1000),
(4009, 'Blackwing - Kochi the Daybreak', 18, 4, 19, 6, 700, 1500),
(4010, 'Mist Valley Soldier', 18, 4, 19, 5, 1700, 300),
(4011, 'Graydle Slime', 18, 5, 1, 1, 0, 2000),
(4012, 'Quickdraw Synchron', 18, 5, 9, 5, 700, 1400),
(4013, 'Svartalf of the Nordic Alfar', 18, 5, 16, 6, 1400, 1600),
(4014, 'Scrap Soldier', 18, 5, 18, 2, 2100, 700),
(4015, 'Blackwing - Gofu the Vague Shadow', 18, 5, 19, 6, 0, 0),
(4016, 'Blackwing - Hillen the Tengu-wind', 18, 5, 19, 6, 0, 2300),
(4017, 'Cockadoodledoo', 18, 5, 19, 5, 1600, 2000),
(4018, 'Genomix Fighter', 18, 6, 11, 5, 2200, 1100),
(4019, 'Flower Cardian Peony with Butterfly', 18, 6, 18, 6, 1000, 1000),
(4020, 'Blackwing - Kogarashi the Wanderer', 18, 6, 19, 6, 2300, 1600),
(4021, 'Emissary from Pandemonium', 18, 7, 6, 2, 2600, 1800),
(4022, 'Mare Mare', 18, 7, 20, 1, 2100, 1400),
(4023, 'Protective Soul Ailin', 19, 1, 5, 3, 0, 0),
(4024, 'Second Goblin', 19, 1, 6, 6, 100, 100),
(4025, 'Buster Blaster', 19, 1, 9, 2, 0, 0),
(4026, 'Oilman', 19, 2, 9, 2, 400, 400),
(4027, 'Pitch-Dark Dragon', 19, 3, 4, 6, 900, 600),
(4028, 'Trigon', 19, 3, 4, 4, 500, 1700),
(4029, 'Heavy Mech Support Armor', 19, 3, 9, 3, 500, 500),
(4030, 'Heavy Mech Support Platform', 19, 3, 9, 6, 500, 500),
(4031, 'Spirit of the Six Samurai', 19, 3, 18, 2, 500, 500),
(4032, 'Zombie Tiger', 19, 3, 21, 2, 1400, 1600),
(4033, 'Doitsu', 19, 4, 5, 2, 100, 200),
(4034, 'A-Assault Core', 19, 4, 9, 3, 1900, 200),
(4035, 'Armored Cybern', 19, 4, 9, 5, 0, 2000),
(4036, 'B-Buster Drake', 19, 4, 9, 3, 1500, 1800),
(4037, 'C-Crush Wyvern', 19, 4, 9, 3, 1200, 2000),
(4038, 'Machina Gearframe', 19, 4, 9, 2, 1800, 0),
(4039, 'Vylon Pentachloro', 19, 4, 9, 3, 500, 400),
(4040, 'Y-Dragon Head', 19, 4, 9, 3, 1500, 1600),
(4041, 'Z-Metal Tank', 19, 4, 9, 3, 1500, 1300),
(4042, 'Des Dendle', 19, 4, 10, 2, 300, 2000),
(4043, 'Burning Beast', 19, 4, 12, 4, 1500, 1000),
(4044, 'Metallizing Parasite - Lunatite', 19, 7, 1, 1, 1000, 500),
(4045, 'Koitsu', 19, 10, 5, 1, 200, 100),
(4046, 'Baby Tiragon', 20, 1, 4, 2, 900, 900),
(4047, 'Ghostrick Dullahan', 20, 1, 6, 6, 1000, 0),
(4048, 'Sylvan Princessprite', 20, 1, 10, 3, 1800, 100),
(4049, 'Slacker Magician', 20, 1, 16, 3, 200, 2100),
(4050, 'Mira the Star-Bearer', 20, 1, 18, 3, 1100, 1000),
(4051, 'Paleozoic Anomalocaris', 20, 2, 1, 1, 2400, 0),
(4052, 'Paleozoic Opabinia', 20, 2, 1, 1, 0, 2400),
(4053, 'Sky Cavalry Centaurea', 20, 2, 3, 3, 2000, 0),
(4054, 'Herald of Pure Light', 20, 2, 5, 3, 600, 1000),
(4055, 'Armored Kappa', 20, 2, 11, 1, 400, 1000),
(4056, 'Daigusto Phoenix', 20, 2, 12, 5, 1500, 1100),
(4057, 'Gachi Gachi Gantetsu', 20, 2, 14, 2, 500, 1800),
(4058, 'Ghostrick Socuteboss', 20, 2, 16, 6, 1400, 1200),
(4059, 'Black Ray Lancer', 20, 3, 3, 6, 2100, 600),
(4060, 'Brotherhood of the Fire Fist - Lion Emperor', 20, 3, 3, 4, 2200, 200),
(4061, 'Constellar Hyades', 20, 3, 3, 3, 1900, 1100),
(4062, 'Grenosaurus', 20, 3, 22, 4, 2000, 1900),
(4063, 'Mechquipped Angineer', 20, 3, 5, 3, 1800, 1000),
(4064, 'Melomelody the Brass Djinn', 20, 3, 6, 3, 1400, 1600),
(4065, 'Muzurhythm the String Djinn', 20, 3, 6, 5, 1500, 1000),
(4066, 'Temtempo the Percussion Djinn', 20, 3, 6, 2, 1700, 1000),
(4067, 'Shark Caesar', 20, 3, 7, 1, 1800, 2000),
(4068, 'Submersible Carrier Aero Shark', 20, 3, 7, 1, 1900, 1000),
(4069, 'Digital Bug Scaradiator', 20, 3, 8, 3, 1800, 1400),
(4070, 'Geargiagear Gigant XG', 20, 3, 9, 2, 2500, 1300),
(4071, 'Battlecruiser Dianthus', 20, 3, 10, 2, 2100, 1800),
(4072, 'Meliae of the Trees', 20, 3, 10, 2, 1700, 900),
(4073, 'Giant Soldier of Steel', 20, 3, 14, 2, 1300, 2000),
(4074, 'Gorgonic Guardian', 20, 3, 14, 6, 1600, 1200),
(4075, 'Mermail Abysstrite', 20, 3, 15, 1, 1600, 2800),
(4076, 'Tri-Edge Levia', 20, 3, 15, 1, 1800, 1500),
(4077, 'Battlin\' Boxer Cheat Commissioner', 20, 3, 18, 4, 0, 1300),
(4078, 'Lavalval Ignis', 20, 3, 18, 4, 1800, 1400),
(4079, 'M-X-Saber Invoker', 20, 3, 18, 2, 1600, 500),
(4080, 'The Phantom Knights of Break Sword', 20, 3, 18, 6, 2000, 1000),
(4081, 'Raidraptor - Fiend Eagle', 20, 3, 19, 6, 1000, 0),
(4082, 'Totem Bird', 20, 3, 19, 5, 1900, 1400),
(4083, 'Ghostrick Alucard', 20, 3, 21, 6, 1800, 1600),
(4084, 'Evigishki Merrowgeist', 20, 4, 1, 1, 2100, 1600),
(4085, 'Unformed Void', 20, 4, 1, 3, 0, 0),
(4086, 'Brotherhood of the Fire Fist - Cardinal', 20, 4, 3, 4, 1800, 2200),
(4087, 'Bujinki Amaterasu', 20, 4, 3, 3, 2600, 2500),
(4088, 'Bujintei Kagutsuchi', 20, 4, 3, 3, 2500, 2000),
(4089, 'Bujintei Susanowo', 20, 4, 3, 3, 2400, 1600),
(4090, 'Bujintei Tsukuyomi', 20, 4, 3, 3, 1800, 2300),
(4091, 'Constellar Omega', 20, 4, 3, 3, 2400, 500),
(4092, 'Snowdust Giant', 20, 4, 3, 1, 2200, 800),
(4093, 'Zoodiac Boarbow', 20, 4, 3, 2, 0, 0),
(4094, 'Zoodiac Drident', 20, 4, 3, 2, 0, 0),
(4095, 'Zoodiac Tigermortar', 20, 4, 3, 2, 0, 0),
(4096, 'Dark Rebellion Xyz Dragon', 20, 4, 4, 6, 2500, 2000),
(4097, 'Evilswarm Bahamut', 20, 4, 4, 6, 2350, 1350),
(4098, 'Evilswarm Ophion', 20, 4, 4, 6, 2550, 1650),
(4099, 'Evilswarm Ouroboros', 20, 4, 4, 6, 2750, 1950),
(4100, 'Evolzar Dolkka', 20, 4, 4, 4, 2300, 1700),
(4101, 'Evolzar Laggia', 20, 4, 4, 4, 2400, 2000),
(4102, 'Galaxy Stealth Dragon', 20, 4, 4, 6, 2000, 1600),
(4103, 'Kachi Kochi Dragon', 20, 4, 4, 2, 2100, 1300),
(4104, 'Supreme King Dragon Dark Rebellion', 20, 4, 4, 6, 2500, 2000),
(4105, 'CXyz Mechquipped Djinn Angeneral', 20, 4, 5, 6, 2600, 1600),
(4106, 'Fairy Cheer Girl', 20, 4, 5, 3, 1900, 1500),
(4107, 'Ghostrick Angel of Mischief', 20, 4, 5, 6, 2000, 2500),
(4108, 'Madolche Queen Tiaramisu', 20, 4, 5, 2, 2200, 2100),
(4109, 'Minerva, the Exalted Lightsworn', 20, 4, 5, 3, 2000, 800),
(4110, 'Princess Cologne', 20, 4, 5, 3, 500, 2200),
(4111, 'Vylon Disigma', 20, 4, 5, 3, 2500, 2100),
(4112, 'Evilswarm Exciton Knight', 20, 4, 6, 3, 1900, 0),
(4113, 'Evilswarm Nightmare', 20, 4, 6, 6, 950, 1950),
(4114, 'Evilswarm Thanatos', 20, 4, 6, 6, 2350, 1350),
(4115, 'Maestroke the Symphony Djinn', 20, 4, 6, 6, 1800, 2300),
(4116, 'Steelswarm Roach', 20, 4, 6, 6, 1900, 0),
(4117, 'Constellar Praesepe', 20, 4, 9, 3, 2400, 800),
(4118, 'Gear Gigant X', 20, 4, 9, 2, 2300, 1500),
(4119, 'Super Quantal Mech Beast Aeroboros', 20, 4, 9, 5, 2200, 2400),
(4120, 'Tin Archduke', 20, 4, 9, 2, 2200, 1200),
(4121, 'Wind-Up Zenmaister', 20, 4, 9, 2, 1900, 1500),
(4122, 'CXyz Battleship Cherry Blossom', 20, 4, 10, 2, 2400, 2000),
(4123, 'Fairy King Albverdich', 20, 4, 10, 2, 2300, 1400),
(4124, 'Traptrix Rafflesia', 20, 4, 10, 2, 300, 2500),
(4125, 'Infernal Flame Vixen', 20, 4, 12, 4, 2200, 2000),
(4126, 'Gagagigo the Risen', 20, 4, 13, 1, 2950, 2800),
(4127, 'King of the Feral Imps', 20, 4, 13, 6, 2300, 2000),
(4128, 'Cairngorgon, Antiluminescent Knight', 20, 4, 14, 6, 2450, 1950),
(4129, 'Daigusto Emeral', 20, 4, 14, 5, 1800, 800),
(4130, 'Gem-Knight Pearl', 20, 4, 14, 2, 2600, 1900),
(4131, 'Abyss Dweller', 20, 4, 15, 1, 1700, 1400),
(4132, 'Bahamut Shark', 20, 4, 15, 1, 2600, 2100),
(4133, 'Lavalval Chain', 20, 4, 15, 4, 1800, 1000),
(4134, 'Alchemic Magician', 20, 4, 16, 6, 1500, 1500),
(4135, 'Downerd Magician', 20, 4, 16, 6, 2100, 200),
(4136, 'Performage Trapeze Magician', 20, 4, 16, 3, 2500, 2000),
(4137, 'Lightning Chidori', 20, 4, 17, 5, 1900, 1600),
(4138, 'Artorigus, King of the Noble Knights', 20, 4, 18, 3, 2000, 2000),
(4139, 'Battlin\' Boxer Lead Yoke', 20, 4, 18, 4, 2200, 2000),
(4140, 'Darktellarknight Batlamyus', 20, 4, 18, 6, 2600, 550),
(4141, 'Gagaga Cowboy', 20, 4, 18, 2, 1500, 2400),
(4142, 'Heroic Champion - Excalibur', 20, 4, 18, 3, 2000, 2000),
(4143, 'Heroic Champion - Gandiva', 20, 4, 18, 2, 2100, 1800),
(4144, 'Heroic Champion - Kusanagi', 20, 4, 18, 2, 2500, 2400),
(4145, 'Night Papilloperative', 20, 4, 18, 6, 2600, 2000),
(4146, 'One-Eyed Skill Gainer', 20, 4, 18, 3, 2500, 2600),
(4147, 'Photon Alexandra Queen', 20, 4, 18, 3, 2400, 1200),
(4148, 'Photon Papilloperative', 20, 4, 18, 3, 2100, 1800),
(4149, 'Shadow of the Six Samurai - Shien', 20, 4, 18, 2, 2500, 400),
(4150, 'Starliege Lord Galaxion', 20, 4, 18, 3, 2000, 2100),
(4151, 'Starliege Paladynamo', 20, 4, 18, 3, 2000, 1000),
(4152, 'Stellarknight Delteros', 20, 4, 18, 3, 2500, 2100),
(4153, 'Stellarknight Triverr', 20, 4, 18, 3, 2100, 2500),
(4154, 'Tellarknight Ptolemaeus', 20, 4, 18, 3, 550, 2600),
(4155, 'Zubaba General', 20, 4, 18, 2, 2000, 1000),
(4156, 'Raidraptor - Force Strix', 20, 4, 19, 6, 100, 2000),
(4157, 'Raidraptor - Rise Falcon', 20, 4, 19, 6, 100, 2000),
(4158, 'Tornado Dragon', 20, 4, 20, 5, 2100, 2000),
(4159, 'ZW - Leo Arms', 20, 5, 2, 3, 3000, 1200),
(4160, 'Dark Requiem Xyz Dragon', 20, 5, 4, 6, 3000, 2500),
(4161, 'Artifact Durendal', 20, 5, 5, 3, 2400, 2100),
(4162, 'CXyz Dark Fairy Cheer Girl', 20, 5, 5, 6, 2500, 1900),
(4163, 'Madolche Puddingcess Chocolat-a-la-Mode', 20, 5, 5, 2, 2500, 2200),
(4164, 'Tiras, Keeper of Genesis', 20, 5, 5, 3, 2600, 1700),
(4165, 'Shark Fortress', 20, 5, 7, 6, 2400, 1800),
(4166, 'Digital Bug Corebage', 20, 5, 8, 3, 2200, 1800),
(4167, 'Inzektor Exa-Stag', 20, 5, 8, 6, 800, 800),
(4168, 'Cyber Dragon Nova', 20, 5, 9, 3, 2100, 1600),
(4169, 'Digvorzhak, King of Heavy Industry', 20, 5, 9, 2, 3200, 2000),
(4170, 'Super Quantal Mech Beast Magnaliger', 20, 5, 9, 4, 2600, 2000),
(4171, 'Wind-Up Arsenal Zenmaioh', 20, 5, 9, 5, 2600, 1900),
(4172, 'Empress of Prophecy', 20, 5, 16, 3, 2000, 1700),
(4173, 'Constellar Pleiades', 20, 5, 18, 3, 2500, 1500),
(4174, 'CXyz Comics Hero Legend Arthur', 20, 5, 18, 2, 3000, 2400),
(4175, 'Sacred Noble Knight of King Artorigus', 20, 5, 18, 3, 2200, 2200),
(4176, 'Ice Princess Zereort', 20, 5, 19, 1, 2500, 2100),
(4177, 'Raidraptor - Blaze Falcon', 20, 5, 19, 6, 1000, 2000),
(4178, 'Stellarknight Constellar Diamond', 20, 5, 20, 3, 2700, 2000),
(4179, 'Crimson Knight Vampire Bram', 20, 5, 21, 6, 2500, 0),
(4180, 'Evolzar Solda', 20, 6, 4, 4, 2600, 1000),
(4181, 'Hieratic Dragon King of Atum', 20, 6, 4, 3, 2400, 2100),
(4182, 'Beatrice, Lady of the Eternal', 20, 6, 5, 3, 2500, 2800),
(4183, 'Inzektor Exa-Beetle', 20, 6, 8, 6, 1000, 1000),
(4184, 'Cyber Dragon Infinity', 20, 6, 9, 3, 2100, 1600),
(4185, 'Fairy Knight Ingunar', 20, 6, 10, 2, 2200, 3000),
(4186, 'Hazy Flame Basiltrice', 20, 6, 12, 4, 2500, 1800),
(4187, 'Norito the Moral Leader', 20, 6, 16, 3, 2700, 2000),
(4188, 'Gauntlet Launcher', 20, 6, 18, 2, 2400, 2800),
(4189, 'Sword Breaker', 20, 6, 18, 2, 2700, 1000),
(4190, 'Pilgrim Reaper', 20, 6, 21, 6, 0, 0),
(4191, 'Mermail Abyssgaios', 20, 7, 1, 1, 2800, 1600),
(4192, 'Odd-Eyes Absolute Dragon', 20, 7, 4, 1, 2800, 2500),
(4193, 'Red-Eyes Flare Metal Dragon', 20, 7, 4, 6, 2800, 2400),
(4194, 'Mecha Phantom Beast Dracossack', 20, 7, 9, 5, 2600, 2200),
(4195, 'CXyz Simon the Great Moral Leader', 20, 7, 16, 3, 3000, 2500),
(4196, 'CXyz Barian Hope', 20, 7, 18, 3, 0, 0),
(4197, 'Vola-Chemicritter Methydraco', 20, 8, 3, 4, 3000, 3000),
(4198, 'Galaxy-Eyes Cipher Dragon', 20, 8, 4, 3, 3000, 2500),
(4199, 'Galaxy-Eyes Full Armor Photon Dragon', 20, 8, 4, 3, 4000, 3500),
(4200, 'Hieratic Sun Dragon Overlord of Heliopolis', 20, 8, 4, 3, 3000, 2400),
(4201, 'Neo Galaxy-Eyes Photon Dragon', 20, 8, 4, 3, 4500, 3000),
(4202, 'Thunder End Dragon', 20, 8, 4, 3, 3000, 2000),
(4203, 'Aegaion the Sea Castrum', 20, 8, 9, 1, 0, 3000),
(4204, 'Googly-Eyes Drum Dragon', 20, 8, 9, 2, 3000, 2500),
(4205, 'Alsei, the Sylvan High Protector', 20, 8, 10, 3, 2300, 3200),
(4206, 'Coach King Giantrainer', 20, 8, 18, 4, 2800, 2000),
(4207, 'Divine Dragon Knight Felgrand', 20, 8, 18, 3, 2800, 1800),
(4208, 'Raidraptor - Satellite Cannon Falcon', 20, 8, 19, 6, 3000, 2000),
(4209, 'Galaxy-Eyes Cipher Blade Dragon', 20, 9, 4, 3, 3200, 2800),
(4210, 'Neo Galaxy-Eyes Cipher Dragon', 20, 9, 4, 3, 4500, 3000),
(4211, 'Skypalace Gangaridai', 20, 10, 9, 5, 3400, 3000),
(4212, 'Superdimensional Robot Galaxy Destroyer', 20, 10, 9, 3, 5000, 2000),
(4213, 'Superdreadnought Rail Cannon Gustav Max', 20, 10, 9, 2, 3000, 3000),
(4214, 'CXyz Skypalace Babylon', 20, 11, 9, 5, 3800, 4000),
(4215, 'Odd-Eyes Rebellion Dragon', 21, 7, 4, 6, 3000, 2500);

-- --------------------------------------------------------

--
-- Table structure for table `races`
--

CREATE TABLE `races` (
  `id` int(6) NOT NULL,
  `name` varchar(64) NOT NULL
) ENGINE=InnoDB DEFAULT CHARSET=utf8;

--
-- Dumping data for table `races`
--

INSERT INTO `races` (`id`, `name`) VALUES
(1, 'Aqua'),
(2, 'Beast'),
(3, 'Beast-Warrior'),
(24, 'Cyberse'),
(22, 'Dinosaur'),
(23, 'Divine-Beast'),
(4, 'Dragon'),
(5, 'Fairy'),
(6, 'Fiend'),
(7, 'Fish'),
(8, 'Insect'),
(9, 'Machine'),
(10, 'Plant'),
(11, 'Psychic'),
(12, 'Pyro'),
(13, 'Reptile'),
(14, 'Rock'),
(15, 'Sea Serpent'),
(16, 'Spellcaster'),
(17, 'Thunder'),
(18, 'Warrior'),
(19, 'Winged Beast'),
(20, 'Wyrm'),
(21, 'Zombie');

-- --------------------------------------------------------

--
-- Table structure for table `types`
--

CREATE TABLE `types` (
  `id` int(6) NOT NULL,
  `name` varchar(128) NOT NULL
) ENGINE=InnoDB DEFAULT CHARSET=utf8;

--
-- Dumping data for table `types`
--

INSERT INTO `types` (`id`, `name`) VALUES
(1, 'Effect Monster'),
(2, 'Flip Effect Monster'),
(3, 'Fusion Monster'),
(4, 'Gemini Monster'),
(5, 'Normal Monster'),
(6, 'Normal Tuner Monster'),
(7, 'Pendulum Effect Monster'),
(8, 'Pendulum Flip Effect Monster'),
(9, 'Pendulum Normal Monster'),
(10, 'Pendulum Tuner Effect Monster'),
(11, 'Ritual Effect Monster'),
(12, 'Ritual Monster'),
(13, 'Spirit Monster'),
(14, 'Synchro Monster'),
(15, 'Synchro Pendulum Effect Monster'),
(16, 'Synchro Tuner Monster'),
(17, 'Toon Monster'),
(18, 'Tuner Monster'),
(19, 'Union Effect Monster'),
(20, 'XYZ Monster'),
(21, 'XYZ Pendulum Effect Monster');

--
-- Indexes for dumped tables
--

--
-- Indexes for table `attributes`
--
ALTER TABLE `attributes`
  ADD PRIMARY KEY (`id`),
  ADD UNIQUE KEY `attribute` (`name`);

--
-- Indexes for table `cards`
--
ALTER TABLE `cards`
  ADD PRIMARY KEY (`id`),
  ADD KEY `fk_type` (`type_id`),
  ADD KEY `fk_race` (`race_id`),
  ADD KEY `fk_attribute` (`attribute_id`);

--
-- Indexes for table `races`
--
ALTER TABLE `races`
  ADD PRIMARY KEY (`id`),
  ADD UNIQUE KEY `race` (`name`);

--
-- Indexes for table `types`
--
ALTER TABLE `types`
  ADD PRIMARY KEY (`id`),
  ADD UNIQUE KEY `type` (`name`);

--
-- AUTO_INCREMENT for dumped tables
--

--
-- AUTO_INCREMENT for table `attributes`
--
ALTER TABLE `attributes`
  MODIFY `id` int(6) NOT NULL AUTO_INCREMENT, AUTO_INCREMENT=8;

--
-- AUTO_INCREMENT for table `cards`
--
ALTER TABLE `cards`
  MODIFY `id` int(6) NOT NULL AUTO_INCREMENT, AUTO_INCREMENT=4216;

--
-- AUTO_INCREMENT for table `races`
--
ALTER TABLE `races`
  MODIFY `id` int(6) NOT NULL AUTO_INCREMENT, AUTO_INCREMENT=25;

--
-- AUTO_INCREMENT for table `types`
--
ALTER TABLE `types`
  MODIFY `id` int(6) NOT NULL AUTO_INCREMENT, AUTO_INCREMENT=22;

--
-- Constraints for dumped tables
--

--
-- Constraints for table `cards`
--
ALTER TABLE `cards`
  ADD CONSTRAINT `fk_attribute` FOREIGN KEY (`attribute_id`) REFERENCES `attributes` (`id`),
  ADD CONSTRAINT `fk_race` FOREIGN KEY (`race_id`) REFERENCES `races` (`id`),
  ADD CONSTRAINT `fk_type` FOREIGN KEY (`type_id`) REFERENCES `types` (`id`);
COMMIT;

/*!40101 SET CHARACTER_SET_CLIENT=@OLD_CHARACTER_SET_CLIENT */;
/*!40101 SET CHARACTER_SET_RESULTS=@OLD_CHARACTER_SET_RESULTS */;
/*!40101 SET COLLATION_CONNECTION=@OLD_COLLATION_CONNECTION */;
